cloverItemId,name,cloverCategory,recordType,suggestedCloverCategory,suggestedSiteCategory,reason
VH472Z5X04F34,Blate Discoid,(sans catégorie),review,,,Sin categoría Clover y sin patrón reconocido — revisión manual
BMZ574WDZKEE0,Dendrobates Oophaga Paru (Couple),(sans catégorie),review,,,Sin categoría Clover y sin patrón reconocido — revisión manual
XYVJX8V6ZKQAM,EXS-12,(sans catégorie),review,,,Sin categoría Clover y sin patrón reconocido — revisión manual
ZHFE5CT7NDTRW,EXS23,(sans catégorie),review,,,Sin categoría Clover y sin patrón reconocido — revisión manual
Y0BQF8A01PMW0,Eastern Black Neck Garter Snake ( Thamnophis cyrtopsis ocellatus,(sans catégorie),review,,,Sin categoría Clover y sin patrón reconocido — revisión manual
RVNB4VCYKG3KM,FF2200 Gentle Giants DOG Chicken - Kibble 3lb,(sans catégorie),review,,,Sin categoría Clover y sin patrón reconocido — revisión manual
84Y48BQ6QN4CY,FF2205 Gentle Giants DOG Chicken- Kibble 30lbs,(sans catégorie),review,,,Sin categoría Clover y sin patrón reconocido — revisión manual
FX9WNHK6MQXT8,FF2220 Gentle Giants DOG Beef with Bacon - Kibble 3 lbs,(sans catégorie),review,,,Sin categoría Clover y sin patrón reconocido — revisión manual
B7D77YECZ5KGP,FF2224 Gentle Giants DOG Beef with Bacon - Kibble 24 lbs,(sans catégorie),review,,,Sin categoría Clover y sin patrón reconocido — revisión manual
S7P3P5CC2WZMG,FF2240 Gentle Giants DOG 90% Chicken - Can 13oz,(sans catégorie),review,,,Sin categoría Clover y sin patrón reconocido — revisión manual
1M23YPN69R49T,FF2242 Gentle Giants DOG 90% Beef - Can 13oz,(sans catégorie),review,,,Sin categoría Clover y sin patrón reconocido — revisión manual
EZ020SA0X5CQ0,Gardiennage Semaine,(sans catégorie),review,,,Sin categoría Clover y sin patrón reconocido — revisión manual
70BMBYV6392VA,Gardiennage par jour,(sans catégorie),review,,,Sin categoría Clover y sin patrón reconocido — revisión manual
6ZHFTA1WD2A6E,Gardiennage par mois,(sans catégorie),review,,,Sin categoría Clover y sin patrón reconocido — revisión manual
S3BJAWBE7EX48,Gift card,(sans catégorie),review,,,Sin categoría Clover y sin patrón reconocido — revisión manual
XHN7NCG58SKQW,Guppies,(sans catégorie),review,,,Sin categoría Clover y sin patrón reconocido — revisión manual
ZFRSB9YEVMPTP,H20631 Hikari Mulberific Delite 7.7oz,(sans catégorie),review,,,Sin categoría Clover y sin patrón reconocido — revisión manual
GG6PTXA35D9J8,H20633 Hikari Mulberific Delite 22.9 oz,(sans catégorie),review,,,Sin categoría Clover y sin patrón reconocido — revisión manual
VJJT8FRXSFCZT,HH0232 Pet's Pick Aspen 41L,(sans catégorie),review,,,Sin categoría Clover y sin patrón reconocido — revisión manual
97N5TP1GB54CC,Hydroball 50L,(sans catégorie),review,,,Sin categoría Clover y sin patrón reconocido — revisión manual
8XPB9KNXX7V6G,ITEM CORRECTIF,(sans catégorie),review,,,Sin categoría Clover y sin patrón reconocido — revisión manual
ZVZJXV7G4CCTA,Imprime 3D,(sans catégorie),review,,,Sin categoría Clover y sin patrón reconocido — revisión manual
X9GFZ01YNAEFG,Intérêt,(sans catégorie),review,,,Sin categoría Clover y sin patrón reconocido — revisión manual
4F5R0KADF9PW0,Isopods P. Scaber Koi 15+,(sans catégorie),review,,,Sin categoría Clover y sin patrón reconocido — revisión manual
3FQ6HAWKZ30SG,JSK Zoomed Creatures Jumping Spider Kit,(sans catégorie),review,,,Sin categoría Clover y sin patrón reconocido — revisión manual
8BCVTTFF9Z058,Jumping Spider / Araignée Sauteuse,(sans catégorie),review,,,Sin categoría Clover y sin patrón reconocido — revisión manual
GC19P69AX61WM,La Swamp - Nourriture Isopods 16oz,(sans catégorie),review,,,Sin categoría Clover y sin patrón reconocido — revisión manual
GAC6WTJHY8868,La Swamp - Nourriture Isopods 4oz,(sans catégorie),review,,,Sin categoría Clover y sin patrón reconocido — revisión manual
6VQTZNWKAAVVR,La Swamp Écorce Mixte de l'Est,(sans catégorie),review,,,Sin categoría Clover y sin patrón reconocido — revisión manual
PX5RB8SG7A8M0,Lacerta Mélanique BB,(sans catégorie),review,,,Sin categoría Clover y sin patrón reconocido — revisión manual
8RHMC24WV2ZQG,Lapin / Cochon d'Inde 150-300 gr.,(sans catégorie),review,,,Sin categoría Clover y sin patrón reconocido — revisión manual
22QSETH9T3BDE,Lapin / Cochon d'Inde 300-500 gr,(sans catégorie),review,,,Sin categoría Clover y sin patrón reconocido — revisión manual
R2J52T2V10WX6,Lapin / Cochon d'Inde 500-800gr,(sans catégorie),review,,,Sin categoría Clover y sin patrón reconocido — revisión manual
5VSK859K7423W,Lapin / Cochon d'Inde 800-1000 gr.,(sans catégorie),review,,,Sin categoría Clover y sin patrón reconocido — revisión manual
EY9N8WTF4ZNW8,Lapin 1001-2000 gr.,(sans catégorie),review,,,Sin categoría Clover y sin patrón reconocido — revisión manual
ZEHYW34YCJ79M,Leachieanus bb,(sans catégorie),review,,,Sin categoría Clover y sin patrón reconocido — revisión manual
K3RQKWMNVS8JR,MBEX,(sans catégorie),review,,,Sin categoría Clover y sin patrón reconocido — revisión manual
SZYJ7NDW4GKKC,MZM livre,(sans catégorie),review,,,Sin categoría Clover y sin patrón reconocido — revisión manual
T1RHDV6MFJPFY,MZM08,(sans catégorie),review,,,Sin categoría Clover y sin patrón reconocido — revisión manual
VZR335FPA92WW,MZM16,(sans catégorie),review,,,Sin categoría Clover y sin patrón reconocido — revisión manual
CQ176FV5RDQ3A,MZM32,(sans catégorie),review,,,Sin categoría Clover y sin patrón reconocido — revisión manual
QRAA8ZTQ99VD0,Madagascar Spiny,(sans catégorie),review,,,Sin categoría Clover y sin patrón reconocido — revisión manual
FFGREXTGPR6JT,Mante Religieuse,(sans catégorie),review,,,Sin categoría Clover y sin patrón reconocido — revisión manual
T03VKECNNV4N6,Marginated Tortoise,(sans catégorie),review,,,Sin categoría Clover y sin patrón reconocido — revisión manual
SECEG51Z44P7Y,Mazouri Herbivore,(sans catégorie),review,,,Sin categoría Clover y sin patrón reconocido — revisión manual
0FH64PW6Z3KTM,Medium Bromelads/Bromelia,(sans catégorie),review,,,Sin categoría Clover y sin patrón reconocido — revisión manual
4BJ38JXD7R99A,Mini Bromelads / Bromelia,(sans catégorie),review,,,Sin categoría Clover y sin patrón reconocido — revisión manual
5HDTGDFV2ZCG6,Mood Ring / Bague,(sans catégorie),review,,,Sin categoría Clover y sin patrón reconocido — revisión manual
0KKAR5RN14JYM,Mousse De Java,(sans catégorie),review,,,Sin categoría Clover y sin patrón reconocido — revisión manual
4DFK1F127QE2J,Mousse Sphaigne Vrak 200g,(sans catégorie),review,,,Sin categoría Clover y sin patrón reconocido — revisión manual
SSCPSCQZC55WE,Mousse Vivante Grosse,(sans catégorie),review,,,Sin categoría Clover y sin patrón reconocido — revisión manual
0SC7E2J9V4466,Mushroom naturel Champignon,(sans catégorie),review,,,Sin categoría Clover y sin patrón reconocido — revisión manual
TNHCA8R4V5F0C,NC014,(sans catégorie),review,,,Sin categoría Clover y sin patrón reconocido — revisión manual
CPPJY7Q862FS0,NC221 Newcal Pet Coconut Half Bowl 8 app,(sans catégorie),review,,,Sin categoría Clover y sin patrón reconocido — revisión manual
3J470PW04K8H4,NC239 Lotus Pods (3-pack),(sans catégorie),review,,,Sin categoría Clover y sin patrón reconocido — revisión manual
GV8RZ1RS07FKR,NC431 Newcal Pet Birch Tree Pole 12'',(sans catégorie),review,,,Sin categoría Clover y sin patrón reconocido — revisión manual
VF5SPSPZ9YPQ0,NC432 Newcal Pet Birch Tree Pole 18'',(sans catégorie),review,,,Sin categoría Clover y sin patrón reconocido — revisión manual
BN8HWFCSY6FE6,NC433 Newcal Pet Birch Tree Pole 24'',(sans catégorie),review,,,Sin categoría Clover y sin patrón reconocido — revisión manual
CNJRNMB9NCPQJ,NC434 Newcal Pet Birch Tree Pole 36'',(sans catégorie),review,,,Sin categoría Clover y sin patrón reconocido — revisión manual
KWBA6843AC96G,NC471 Newcal Pet Liana Vine Rosca 12'',(sans catégorie),review,,,Sin categoría Clover y sin patrón reconocido — revisión manual
43QHGDVAFG4AY,NC496 Newcal Pet Nerve Wood 14-18,(sans catégorie),review,,,Sin categoría Clover y sin patrón reconocido — revisión manual
2P8ZBNH47ADMT,Neon LED x2 used 36 pouces & 30``,(sans catégorie),review,,,Sin categoría Clover y sin patrón reconocido — revisión manual
TZSSFE8FYRCDP,Night Crawlers / Vers de Terre,(sans catégorie),review,,,Sin categoría Clover y sin patrón reconocido — revisión manual
A9X0MYBRGFGC2,Nourriture Vers à Soie,(sans catégorie),review,,,Sin categoría Clover y sin patrón reconocido — revisión manual
0KNYQ7RS1V602,Nourriture Vers à Soie OZ,(sans catégorie),review,,,Sin categoría Clover y sin patrón reconocido — revisión manual
01P2VXNSY5P48,Oeuf de caille 12 oeuf,(sans catégorie),review,,,Sin categoría Clover y sin patrón reconocido — revisión manual
SMFF0TTMC40AW,Oniscus Asellus 15+,(sans catégorie),review,,,Sin categoría Clover y sin patrón reconocido — revisión manual
VV21MZAXEW8D4,P. Leavis Dairy Cow 15+,(sans catégorie),review,,,Sin categoría Clover y sin patrón reconocido — revisión manual
0R71QGHYYSXR8,P. Scaber Lava 15+,(sans catégorie),review,,,Sin categoría Clover y sin patrón reconocido — revisión manual
W00YE71YYRH2E,P. Scaber Orange Dalmatian 15+,(sans catégorie),review,,,Sin categoría Clover y sin patrón reconocido — revisión manual
SKNKK4K9F03D6,P. Spinicornis 15+,(sans catégorie),review,,,Sin categoría Clover y sin patrón reconocido — revisión manual
9AAY30QJFVJ2E,PP1642 petit Helxine 8po,(sans catégorie),review,,,Sin categoría Clover y sin patrón reconocido — revisión manual
R2ZF0ZQJMQCP0,PP1701 Ornement Aponogeton crispe,(sans catégorie),review,,,Sin categoría Clover y sin patrón reconocido — revisión manual
RTMR52XN37XBW,PP1703 Ornement Lycopode obscur,(sans catégorie),review,,,Sin categoría Clover y sin patrón reconocido — revisión manual
DD2RC92032PEE,PP1734 Ludwigia a pointe blanches 14po,(sans catégorie),review,,,Sin categoría Clover y sin patrón reconocido — revisión manual
TZ048SW49XERT,Paille,(sans catégorie),review,,,Sin categoría Clover y sin patrón reconocido — revisión manual
E081FK0PCR82J,Pinguicula Agnata x Ping Debbertiana 'Johanna',(sans catégorie),review,,,Sin categoría Clover y sin patrón reconocido — revisión manual
CWZJRZ18WJMAM,Pinguicula Ehlersiae 'Victoria',(sans catégorie),review,,,Sin categoría Clover y sin patrón reconocido — revisión manual
C2PGT5YAW4SC6,Pinguicula Jauvamensis x Emarginata (Red Rosette),(sans catégorie),review,,,Sin categoría Clover y sin patrón reconocido — revisión manual
1XQ427H1PQD04,Plante Aquatique,(sans catégorie),review,,,Sin categoría Clover y sin patrón reconocido — revisión manual
S77Z4F2H7SGPW,Plante Pot Bleu,(sans catégorie),review,,,Sin categoría Clover y sin patrón reconocido — revisión manual
5PDQ3ZGTEWD5G,Plante Pot Gros Noir,(sans catégorie),review,,,Sin categoría Clover y sin patrón reconocido — revisión manual
9CNF9QV2GFP6A,Plante Pot Jaune,(sans catégorie),review,,,Sin categoría Clover y sin patrón reconocido — revisión manual
HRM1PEA1THB04,Plante Pot Petit Noir,(sans catégorie),review,,,Sin categoría Clover y sin patrón reconocido — revisión manual
ZCVMQ2VJE0SSR,Plante Pot Rouge,(sans catégorie),review,,,Sin categoría Clover y sin patrón reconocido — revisión manual
JVH0RS9ZTBZTC,Plante Pot Vert,(sans catégorie),review,,,Sin categoría Clover y sin patrón reconocido — revisión manual
M24QHHD5SR44E,Plante Pothos,(sans catégorie),review,,,Sin categoría Clover y sin patrón reconocido — revisión manual
T3FYR4JMM8EM2,Plante grasse / plant succulent 2 inch,(sans catégorie),review,,,Sin categoría Clover y sin patrón reconocido — revisión manual
KE1Z443S3K3RY,Plugs Pour Calypso Nozzles,(sans catégorie),review,,,Sin categoría Clover y sin patrón reconocido — revisión manual
P0Q45MQ2QHGBE,Pollen d'abeille,(sans catégorie),review,,,Sin categoría Clover y sin patrón reconocido — revisión manual
R0ZRQSTJZ5CM4,Porcellio Haasi Light Form,(sans catégorie),review,,,Sin categoría Clover y sin patrón reconocido — revisión manual
ZV6EGSH8FHNH0,Poussin Poulet 1 Jour,(sans catégorie),review,,,Sin categoría Clover y sin patrón reconocido — revisión manual
TRMAKWK388512,Probe Zoomed,(sans catégorie),review,,,Sin categoría Clover y sin patrón reconocido — revisión manual
89NVQFHG174DA,RAREPIF250 Arcadia EarthPro InsectFuel Insect Feed 250g,(sans catégorie),review,,,Sin categoría Clover y sin patrón reconocido — revisión manual
Z4TJKDZ2T799M,RC Billes d'Argile 2.5 lbs,(sans catégorie),review,,,Sin categoría Clover y sin patrón reconocido — revisión manual
DTA37T9XT9WJA,RC Charbon (250 gr),(sans catégorie),review,,,Sin categoría Clover y sin patrón reconocido — revisión manual
51NQ4DT839E08,RC Pierre Décorative (1KG),(sans catégorie),review,,,Sin categoría Clover y sin patrón reconocido — revisión manual
WJSV0QQ01FW4R,RC Pierre Volcanique Noire (2lbs),(sans catégorie),review,,,Sin categoría Clover y sin patrón reconocido — revisión manual
WE9KBMTX32PGY,RC Repti Mélange 24 Qt,(sans catégorie),review,,,Sin categoría Clover y sin patrón reconocido — revisión manual
B12DD4Y6CCTT4,RFD3SD14 Arcadia ShadeDweller Max Replacement Lamp (110V),(sans catégorie),review,,,Sin categoría Clover y sin patrón reconocido — revisión manual
347AHF9JT3RD8,RR4138 Komodo Tortoise Hay 24oz,(sans catégorie),review,,,Sin categoría Clover y sin patrón reconocido — revisión manual
0ZDXD2YCTR446,RR4201 Komodo Twin Jelly Pot Holder,(sans catégorie),review,,,Sin categoría Clover y sin patrón reconocido — revisión manual
ZNAFPK2K9HPFR,Ranarium Carotenoid plus 2oz,(sans catégorie),review,,,Sin categoría Clover y sin patrón reconocido — revisión manual
Q3SN3DCPEPKHR,Rats Colossal,(sans catégorie),review,,,Sin categoría Clover y sin patrón reconocido — revisión manual
9Q0WCSBKF9J0R,Red Wiggler / Vers de Terre Rouge,(sans catégorie),review,,,Sin categoría Clover y sin patrón reconocido — revisión manual
1YJRNHCMQGCRJ,"SBG SunBlaster Mini Greenhouse Kit - 18"" LED",(sans catégorie),review,,,Sin categoría Clover y sin patrón reconocido — revisión manual
J7SY3V6Y9W064,SCA Salvinia cullculata  Aquatic,(sans catégorie),review,,,Sin categoría Clover y sin patrón reconocido — revisión manual
P54MQ5WEQSVV8,SMAC Aspen Chips Nepco 8 Cu Ft,(sans catégorie),review,,,Sin categoría Clover y sin patrón reconocido — revisión manual
TFP3R0N09KE8E,Shiping Corn scaleless Okeetee BB,(sans catégorie),review,,,Sin categoría Clover y sin patrón reconocido — revisión manual
KTJ890M3XVE0J,Sprayer 1.5L,(sans catégorie),review,,,Sin categoría Clover y sin patrón reconocido — revisión manual
11X1RNP987A1E,Sunburst Ant Nectar (by Formica) 120ml,(sans catégorie),review,,,Sin categoría Clover y sin patrón reconocido — revisión manual
2SZNG6KAM106P,Sunburst Ant Nectar (by Formica) 240ml,(sans catégorie),review,,,Sin categoría Clover y sin patrón reconocido — revisión manual
CXHB1CD45DWVJ,Sunburst Ant Nectar (by Formica) 60 ml,(sans catégorie),review,,,Sin categoría Clover y sin patrón reconocido — revisión manual
0RNQM7GYNZNC2,T. Tomentosa Dwarf White 20+,(sans catégorie),review,,,Sin categoría Clover y sin patrón reconocido — revisión manual
FKWXE3FB1X6XJ,TC Magnet Nest / Nid,(sans catégorie),review,,,Sin categoría Clover y sin patrón reconocido — revisión manual
MP2Y86JVTCV9C,TC Magnet Water Vial / Flacon d'eau,(sans catégorie),review,,,Sin categoría Clover y sin patrón reconocido — revisión manual
RF1Y82JBECHYY,TC1 Berceaux Mygale - Casket mini 6''x3''x3'',(sans catégorie),review,,,Sin categoría Clover y sin patrón reconocido — revisión manual
ZRAFNQ15X8MVG,TC2 Cube 4 x 4x 4,(sans catégorie),review,,,Sin categoría Clover y sin patrón reconocido — revisión manual
KS3D9339GHAP8,"TC3 Berceaux Mygale - Canopy Mini 3""",(sans catégorie),review,,,Sin categoría Clover y sin patrón reconocido — revisión manual
7SA02XTPM008A,TC4 Berceaux Mygale - Small Treehouse Switch- Clear Back,(sans catégorie),review,,,Sin categoría Clover y sin patrón reconocido — revisión manual
XBPRJB18X7KDW,TC5 Berceaux Mygale - Canopy - Understory 3x3x6,(sans catégorie),review,,,Sin categoría Clover y sin patrón reconocido — revisión manual
7DYDRRTFQPY48,TC6 Berceaux Mygale - Canopy - Flat top 3x3x6,(sans catégorie),review,,,Sin categoría Clover y sin patrón reconocido — revisión manual
FHSM0RWWW5NN0,TC8 Medium Coffin Green Glitter 10''x5''x5'',(sans catégorie),review,,,Sin categoría Clover y sin patrón reconocido — revisión manual
Z42B7NN4AQ0QA,Tad-Pool mix color,(sans catégorie),review,,,Sin categoría Clover y sin patrón reconocido — revisión manual
Y61MF6NKB3802,Tinctorius Yellow Back,(sans catégorie),review,,,Sin categoría Clover y sin patrón reconocido — revisión manual
TD964NGT5C7CJ,Tliltocatl Kahlenbetgi,(sans catégorie),review,,,Sin categoría Clover y sin patrón reconocido — revisión manual
8ANXRAE44K5E4,Trichoniscus Sp. Dwarf Purple 20+,(sans catégorie),review,,,Sin categoría Clover y sin patrón reconocido — revisión manual
N4EJTY26KTH5Y,Trout Chow,(sans catégorie),review,,,Sin categoría Clover y sin patrón reconocido — revisión manual
0EDSTDSRRW1GA,V-Beurre / Butter 10,(sans catégorie),review,,,Sin categoría Clover y sin patrón reconocido — revisión manual
168AA2GMK10C2,V-Beurre / Butter 100,(sans catégorie),review,,,Sin categoría Clover y sin patrón reconocido — revisión manual
WWHEJ3GYTQNDY,V-Beurre / Butter 25,(sans catégorie),review,,,Sin categoría Clover y sin patrón reconocido — revisión manual
T4GXEVFTDJWM6,V-Beurre / Butter 50,(sans catégorie),review,,,Sin categoría Clover y sin patrón reconocido — revisión manual
NPVQXS759DS50,WSG-2 Pangea Succulent Garden #2,(sans catégorie),review,,,Sin categoría Clover y sin patrón reconocido — revisión manual
2X7ZHM22N6912,Z112F Aquatic Turtle Lighting Combo,(sans catégorie),review,,,Sin categoría Clover y sin patrón reconocido — revisión manual
Z88DWD2FHKW28,Z114 Zoomed Wire Cage Clamp Lamp,(sans catégorie),review,,,Sin categoría Clover y sin patrón reconocido — revisión manual
9GVSZ4TNY070G,Z115,(sans catégorie),review,,,Sin categoría Clover y sin patrón reconocido — revisión manual
8SYHEZN6J5DZA,Z115M,(sans catégorie),review,,,Sin categoría Clover y sin patrón reconocido — revisión manual
2XH3N9VPFCNEM,Z115O,(sans catégorie),review,,,Sin categoría Clover y sin patrón reconocido — revisión manual
35T1QZV5SWVQR,Z115P,(sans catégorie),review,,,Sin categoría Clover y sin patrón reconocido — revisión manual
FP4QRFHSQXV5W,Z115R,(sans catégorie),review,,,Sin categoría Clover y sin patrón reconocido — revisión manual
XX6Y7H35X8MSE,Z116 Repti Lamp Stand (20-100 Gal)  LF-20,(sans catégorie),review,,,Sin categoría Clover y sin patrón reconocido — revisión manual
ND45KA25481AA,Z116S Economy Lamp Stand (10-20 Gal)  LF-21,(sans catégorie),review,,,Sin categoría Clover y sin patrón reconocido — revisión manual
QP2KB512QJ65Y,Z150C Repti Rapids LED Waterfall Wood MD,(sans catégorie),review,,,Sin categoría Clover y sin patrón reconocido — revisión manual
7B1X8PCVK5N10,Z153,(sans catégorie),review,,,Sin categoría Clover y sin patrón reconocido — revisión manual
SHWTBXDYF8VR2,Z159M ZooMed Turtle Dock 15 gal MD,(sans catégorie),review,,,Sin categoría Clover y sin patrón reconocido — revisión manual
X6Y0JK1KHRWNE,Z159S,(sans catégorie),review,,,Sin categoría Clover y sin patrón reconocido — revisión manual
NCWMEPW5NNVKY,Z160C Nano 10/30 Carbon (1 pack),(sans catégorie),review,,,Sin categoría Clover y sin patrón reconocido — revisión manual
P3D31AEYEQY90,Z160CM Nano 10/30 Ceramic Media,(sans catégorie),review,,,Sin categoría Clover y sin patrón reconocido — revisión manual
DBWK77SA3D552,Z160MS Mechanical Sponge Nano 10,(sans catégorie),review,,,Sin categoría Clover y sin patrón reconocido — revisión manual
WNNBZSG4KHYNJ,Z162C Macro 50/75 Carbon (2 pack),(sans catégorie),review,,,Sin categoría Clover y sin patrón reconocido — revisión manual
9VC1ZAJE4KZYC,Z162MS Mechanical Sponge Macro 50,(sans catégorie),review,,,Sin categoría Clover y sin patrón reconocido — revisión manual
9TFV1DGP46DG0,Z164 Zoomed Ceramic Catfish Log,(sans catégorie),review,,,Sin categoría Clover y sin patrón reconocido — revisión manual
DS0R2H3W2QV54,Z170 Repti Reservoir,(sans catégorie),review,,,Sin categoría Clover y sin patrón reconocido — revisión manual
ZCYFWQCBCTQCW,Z171,(sans catégorie),review,,,Sin categoría Clover y sin patrón reconocido — revisión manual
QPV8CZEZRGP2C,Z172,(sans catégorie),review,,,Sin categoría Clover y sin patrón reconocido — revisión manual
775XC2YXE2BF0,Z173,(sans catégorie),review,,,Sin categoría Clover y sin patrón reconocido — revisión manual
6PV0Y8BQ6TT6M,Z174,(sans catégorie),review,,,Sin categoría Clover y sin patrón reconocido — revisión manual
BBP61QY8MA4XT,Z174L,(sans catégorie),review,,,Sin categoría Clover y sin patrón reconocido — revisión manual
70CEV2BP5BHNA,Z174M,(sans catégorie),review,,,Sin categoría Clover y sin patrón reconocido — revisión manual
GPXTWBR8JG5XE,Z174X,(sans catégorie),review,,,Sin categoría Clover y sin patrón reconocido — revisión manual
RRMVFPYJC17R2,Z175F ZooMed Repti Rock Food Dish Small,(sans catégorie),review,,,Sin categoría Clover y sin patrón reconocido — revisión manual
BZSXN2NQ9AWJE,Z175M Combo Repti Rock Dishes SM,(sans catégorie),review,,,Sin categoría Clover y sin patrón reconocido — revisión manual
EDNSHX3NVFQXT,Z176 Zoomed Repti Rock Water Dish small,(sans catégorie),review,,,Sin categoría Clover y sin patrón reconocido — revisión manual
1Z66082TSHE64,Z177,(sans catégorie),review,,,Sin categoría Clover y sin patrón reconocido — revisión manual
JY90DQWWJBJ5W,Z177F,(sans catégorie),review,,,Sin categoría Clover y sin patrón reconocido — revisión manual
5TXGT1BNPKYGP,Z177M Combo Repti Rock Dishes MD,(sans catégorie),review,,,Sin categoría Clover y sin patrón reconocido — revisión manual
36JCZ6QQ5AXPA,Z178F,(sans catégorie),review,,,Sin categoría Clover y sin patrón reconocido — revisión manual
XATTBYMEMVR52,Z178M Combo Repti Rock Dishes LG,(sans catégorie),review,,,Sin categoría Clover y sin patrón reconocido — revisión manual
JV8Z85MR7YQXM,Z179,(sans catégorie),review,,,Sin categoría Clover y sin patrón reconocido — revisión manual
0XNN15TMQWQHR,Z179F,(sans catégorie),review,,,Sin categoría Clover y sin patrón reconocido — revisión manual
6NATHTJHFWBBM,Z179M Combo Repti Rock Dishes XL,(sans catégorie),review,,,Sin categoría Clover y sin patrón reconocido — revisión manual
8XX88TT21DSK6,Z180 Zoomed Eco Earth (1 brick),(sans catégorie),review,,,Sin categoría Clover y sin patrón reconocido — revisión manual
QSZJT8N60GX64,Z181,(sans catégorie),review,,,Sin categoría Clover y sin patrón reconocido — revisión manual
7VTWGDM8EGRBP,Z1822 Excavator 10lbs,(sans catégorie),review,,,Sin categoría Clover y sin patrón reconocido — revisión manual
2WZKH6XDWSYEW,Z1832 Zoomed Coconut Chips (Jumbo Brick 5kg),(sans catégorie),review,,,Sin categoría Clover y sin patrón reconocido — revisión manual
0PR0R6CNJME0E,Z184 Zoomed Reptisand - Desert White 10lbs,(sans catégorie),review,,,Sin categoría Clover y sin patrón reconocido — revisión manual
7FHZ5W40C5CA4,Z185H Zoomed Eco Carpet (18x36) Breeder 40 Gal Green / Vert,(sans catégorie),review,,,Sin categoría Clover y sin patrón reconocido — revisión manual
NYQ34H071SNN8,Z187,(sans catégorie),review,,,Sin categoría Clover y sin patrón reconocido — revisión manual
2QT9DF49QEAYM,Z200P Aquatic River Pebbles 10 LB.,(sans catégorie),review,,,Sin categoría Clover y sin patrón reconocido — revisión manual
99SWS1J4GX342,Z201,(sans catégorie),review,,,Sin categoría Clover y sin patrón reconocido — revisión manual
D5887ANP9K0DE,Z202,(sans catégorie),review,,,Sin categoría Clover y sin patrón reconocido — revisión manual
ZJKRC6AZC4MDP,Z203,(sans catégorie),review,,,Sin categoría Clover y sin patrón reconocido — revisión manual
TZ4VKJEA4NTCT,Z207 ZooMed ReptiBark 4Qt,(sans catégorie),review,,,Sin categoría Clover y sin patrón reconocido — revisión manual
J8ZSPJHS5146E,Z211 Repti Chips 10qt,(sans catégorie),review,,,Sin categoría Clover y sin patrón reconocido — revisión manual
3EEA7M71MB1VT,Z212 Reptichips 24qt,(sans catégorie),review,,,Sin categoría Clover y sin patrón reconocido — revisión manual
QG4X573WXJ36T,Z225,(sans catégorie),review,,,Sin categoría Clover y sin patrón reconocido — revisión manual
723RJ20BS5HV8,Z230 Zoomed Powersun UV 160 Watt,(sans catégorie),review,,,Sin categoría Clover y sin patrón reconocido — revisión manual
4GJT5TNBFK4S4,Z232R Splashproof Halogen 50Watt,(sans catégorie),review,,,Sin categoría Clover y sin patrón reconocido — revisión manual
GBA5YGS7B8C7R,Z232S Splashproof Halogen 75Watt,(sans catégorie),review,,,Sin categoría Clover y sin patrón reconocido — revisión manual
Z53XMD12REV76,Z232T Splashproof Halogen 90 Watt,(sans catégorie),review,,,Sin categoría Clover y sin patrón reconocido — revisión manual
RDMJ0078HSRJ2,Z251H Reptisun T8 10.0 18'',(sans catégorie),review,,,Sin categoría Clover y sin patrón reconocido — revisión manual
6F42975YBBBQ4,Z253 T8 36'' Reptisun 5.0 25W,(sans catégorie),review,,,Sin categoría Clover y sin patrón reconocido — revisión manual
3HEZW9XQTFC0A,Z275 Nat. Flora Reptivine,(sans catégorie),review,,,Sin categoría Clover y sin patrón reconocido — revisión manual
H3NT18A83CRB8,Z278 Silver Mullein,(sans catégorie),review,,,Sin categoría Clover y sin patrón reconocido — revisión manual
BFHV2Z255Y8S6,Z278A Euphorbia,(sans catégorie),review,,,Sin categoría Clover y sin patrón reconocido — revisión manual
81YH5CQAQSTPT,Z278B  Green Aloe,(sans catégorie),review,,,Sin categoría Clover y sin patrón reconocido — revisión manual
RDRCQ7RTF1G7M,Z278D Burro's Tail,(sans catégorie),review,,,Sin categoría Clover y sin patrón reconocido — revisión manual
ZJ7QGABKXRSNA,Z278E Tree Houseleek,(sans catégorie),review,,,Sin categoría Clover y sin patrón reconocido — revisión manual
4RWR8QBAW4AR8,Z281 Nano Dome Lamp Fixture,(sans catégorie),review,,,Sin categoría Clover y sin patrón reconocido — revisión manual
GNVRWZX86EFET,Z282 ZooMed Nano Combo Dome Lamp Fixture,(sans catégorie),review,,,Sin categoría Clover y sin patrón reconocido — revisión manual
4GZ85CET60AAA,Z282A ZooMed Nano Combo Dome Hold Down Kit,(sans catégorie),review,,,Sin categoría Clover y sin patrón reconocido — revisión manual
G0JEDSFG57VFM,Z289 Zoomed Terra Effects Model 2 (nano led w/sound),(sans catégorie),review,,,Sin categoría Clover y sin patrón reconocido — revisión manual
EAPVJ84198KR2,Z290L,(sans catégorie),review,,,Sin categoría Clover y sin patrón reconocido — revisión manual
QE0EVP1PEQFEW,Z290S Zoomed Plante De Plastique Mexican Phyllo Small,(sans catégorie),review,,,Sin categoría Clover y sin patrón reconocido — revisión manual
6TTHFEZ99XYZP,Z291L,(sans catégorie),review,,,Sin categoría Clover y sin patrón reconocido — revisión manual
FKTJ2PAFQ8W2R,Z291S,(sans catégorie),review,,,Sin categoría Clover y sin patrón reconocido — revisión manual
PMFNVRG49M4WA,Z292L,(sans catégorie),review,,,Sin categoría Clover y sin patrón reconocido — revisión manual
KGQ9G4BYD5MNW,Z292S,(sans catégorie),review,,,Sin categoría Clover y sin patrón reconocido — revisión manual
EVSW30ZT43JK6,Z293M,(sans catégorie),review,,,Sin categoría Clover y sin patrón reconocido — revisión manual
PW4T6AC200P7M,Z293S,(sans catégorie),review,,,Sin categoría Clover y sin patrón reconocido — revisión manual
759YZXERMF6EE,Z294L,(sans catégorie),review,,,Sin categoría Clover y sin patrón reconocido — revisión manual
3KTXJ92TMC90P,Z294S,(sans catégorie),review,,,Sin categoría Clover y sin patrón reconocido — revisión manual
29REE459BNQTE,Z295L Zoomed Plante Plastique Bolivian Croton Lg,(sans catégorie),review,,,Sin categoría Clover y sin patrón reconocido — revisión manual
3XYEDA1JQ93TP,Z295M,(sans catégorie),review,,,Sin categoría Clover y sin patrón reconocido — revisión manual
VVMH5M1E47YBT,Z295S,(sans catégorie),review,,,Sin categoría Clover y sin patrón reconocido — revisión manual
Y6538A49VDT0A,Z296L,(sans catégorie),review,,,Sin categoría Clover y sin patrón reconocido — revisión manual
RHMTWHKFXD3K4,Z296M,(sans catégorie),review,,,Sin categoría Clover y sin patrón reconocido — revisión manual
SPGV53T6XNFYW,Z296S,(sans catégorie),review,,,Sin categoría Clover y sin patrón reconocido — revisión manual
ZGXSYM1GVS8JT,Z297L Plastic Plant Borneo Star Large,(sans catégorie),review,,,Sin categoría Clover y sin patrón reconocido — revisión manual
6ZSW1PYAEY0XW,Z297S,(sans catégorie),review,,,Sin categoría Clover y sin patrón reconocido — revisión manual
V4K22Q6NX6TQ6,Z298L,(sans catégorie),review,,,Sin categoría Clover y sin patrón reconocido — revisión manual
6V3F5JXWXECNW,Z298M,(sans catégorie),review,,,Sin categoría Clover y sin patrón reconocido — revisión manual
SFAQW98BRQNRC,Z298S Plastic Plant Cashuarina Small,(sans catégorie),review,,,Sin categoría Clover y sin patrón reconocido — revisión manual
9N0GHCRHAX5N6,Z299S,(sans catégorie),review,,,Sin categoría Clover y sin patrón reconocido — revisión manual
83H66EM732CBC,Z313 Arboreal Feeding Platform,(sans catégorie),review,,,Sin categoría Clover y sin patrón reconocido — revisión manual
CPJKT2F7B39DT,Z313A Arboreal Feeding Cup,(sans catégorie),review,,,Sin categoría Clover y sin patrón reconocido — revisión manual
MXT7CZP9TW0SA,Z313B Refill Cups for Arboreal Feeding (12),(sans catégorie),review,,,Sin categoría Clover y sin patrón reconocido — revisión manual
KFMMDJGP4Q5DY,Z315,(sans catégorie),review,,,Sin categoría Clover y sin patrón reconocido — revisión manual
WFR33APH0VKHR,Z316,(sans catégorie),review,,,Sin categoría Clover y sin patrón reconocido — revisión manual
K4NFZC5M3JPRR,Z329,(sans catégorie),review,,,Sin categoría Clover y sin patrón reconocido — revisión manual
2YNXMK7KW5QY2,Z467 Betta Food 4.5g,(sans catégorie),review,,,Sin categoría Clover y sin patrón reconocido — revisión manual
G741B7AKQTHC2,Z551 ZooMed Reptisafe Water Cond. 4.25oz,(sans catégorie),review,,,Sin categoría Clover y sin patrón reconocido — revisión manual
6DSCY15QPVMV2,Z552 ZooMed Reptisafe Water Cond. 8.75,(sans catégorie),review,,,Sin categoría Clover y sin patrón reconocido — revisión manual
4Q830T4SMBPJ8,Z565,(sans catégorie),review,,,Sin categoría Clover y sin patrón reconocido — revisión manual
PZN0F2H6WGBJJ,Z566 Repti Turtle Eye Drops,(sans catégorie),review,,,Sin categoría Clover y sin patrón reconocido — revisión manual
5WRMXQ3WEP2RY,Z567 Repti Shedding Aid 2.25oz,(sans catégorie),review,,,Sin categoría Clover y sin patrón reconocido — revisión manual
ZJTMKDYGZGVRG,Z570,(sans catégorie),review,,,Sin categoría Clover y sin patrón reconocido — revisión manual
D5T7RKQCXJS50,Z575 Wipe Out Glass Cleaner 16oz,(sans catégorie),review,,,Sin categoría Clover y sin patrón reconocido — revisión manual
2RY2SV0CZEEN2,Z576 Wipe Out #1 (4.25 oz),(sans catégorie),review,,,Sin categoría Clover y sin patrón reconocido — revisión manual
G12SS3V512G50,Z577 Wipe Out #1 (8.75 oz),(sans catégorie),review,,,Sin categoría Clover y sin patrón reconocido — revisión manual
FX2ESNV648ZZT,Z578 Zoomed Wipe Out 1  32oz,(sans catégorie),review,,,Sin categoría Clover y sin patrón reconocido — revisión manual
VTP7MJQ79ZB0R,Z602 Zoomed Tortoise House 24 x 36 x 12,(sans catégorie),review,,,Sin categoría Clover y sin patrón reconocido — revisión manual
FATC5JD1S4NJW,"Z603 Aquatic Turtle Tub 39"" X 21"" X  16""",(sans catégorie),review,,,Sin categoría Clover y sin patrón reconocido — revisión manual
PXNAFA43RG7PG,Z604 Aquatic Turtle Habitat Kit,(sans catégorie),review,,,Sin categoría Clover y sin patrón reconocido — revisión manual
0YF3XTPVPNTG6,Z6811 Tortoise Flower Food Topper 1.4 oz,(sans catégorie),review,,,Sin categoría Clover y sin patrón reconocido — revisión manual
1N01M8CV51RBP,Z6812 Tortoise Flower Food Topper 12 oz.,(sans catégorie),review,,,Sin categoría Clover y sin patrón reconocido — revisión manual
Z6PCV790KG1E8,Z682 Zoomed Lizard Flower Food Topper 0.21oz,(sans catégorie),review,,,Sin categoría Clover y sin patrón reconocido — revisión manual
9Y8JV8MHZ6HCJ,Z6821 Lizard Flower Food Topper 1.4oz,(sans catégorie),review,,,Sin categoría Clover y sin patrón reconocido — revisión manual
23G2KEAKBHSER,Z6822 Lizard Flower Food Topper 8.5oz,(sans catégorie),review,,,Sin categoría Clover y sin patrón reconocido — revisión manual
42S41T38NQH5J,Z703 ZooMed Aqua. Turtle Growth Food 13oz,(sans catégorie),review,,,Sin categoría Clover y sin patrón reconocido — revisión manual
XRM78YPFQBXAE,Z706 Zoomed Aquatic Turtle Hatchling Food 1.6 oz,(sans catégorie),review,,,Sin categoría Clover y sin patrón reconocido — revisión manual
KCXYJKBT7P776,Z707  Aq. Turtle Hatchling Food 7.5oz,(sans catégorie),review,,,Sin categoría Clover y sin patrón reconocido — revisión manual
HDDT1BE6WJKF2,Z7071 Aq. Turtle Hatchling Food 15oz,(sans catégorie),review,,,Sin categoría Clover y sin patrón reconocido — revisión manual
NEST1MBYTTYDP,Z7131 Forest Tortoise Food 15oz,(sans catégorie),review,,,Sin categoría Clover y sin patrón reconocido — revisión manual
3778N3Y0G2CAM,Z722 ZooMed Can O'Grubs,(sans catégorie),review,,,Sin categoría Clover y sin patrón reconocido — revisión manual
9NWVXK6EV7KK6,Z724,(sans catégorie),review,,,Sin categoría Clover y sin patrón reconocido — revisión manual
Q4YHS975EV2HA,Z730B,(sans catégorie),review,,,Sin categoría Clover y sin patrón reconocido — revisión manual
DP993R3TQG8PC,Z731B Zoomed Red Shrimp 10oz,(sans catégorie),review,,,Sin categoría Clover y sin patrón reconocido — revisión manual
QG7346KQNGPBM,Z735 ZooMed Aquatic Newt Food,(sans catégorie),review,,,Sin categoría Clover y sin patrón reconocido — revisión manual
WSK6Y6KSKHFXE,Z775A,(sans catégorie),review,,,Sin categoría Clover y sin patrón reconocido — revisión manual
M44F7FVFXKC32,Z776A,(sans catégorie),review,,,Sin categoría Clover y sin patrón reconocido — revisión manual
EB6MEMEN3PTEP,Z777,(sans catégorie),review,,,Sin categoría Clover y sin patrón reconocido — revisión manual
MFB1NPD0Y7R1Y,Z781,(sans catégorie),review,,,Sin categoría Clover y sin patrón reconocido — revisión manual
DKHG65983NY16,Z846 Aquarium sans monture Purevue 5.5g avec lumière,(sans catégorie),review,,,Sin categoría Clover y sin patrón reconocido — revisión manual
9A3ERQ2ZCBM1M,Z850 Zoomed Steampunk Copper Bear Skull,(sans catégorie),review,,,Sin categoría Clover y sin patrón reconocido — revisión manual
7FY1GDP8Q2TQ2,Z941 Creature Dome Lamp Fixture,(sans catégorie),review,,,Sin categoría Clover y sin patrón reconocido — revisión manual
FATJPCGWEFHDP,Z942 Zoomed Creatures Led Black Light 5W,(sans catégorie),review,,,Sin categoría Clover y sin patrón reconocido — revisión manual
81YX2T7TW2HWR,Z943 Zoomed Creatures Led Lamp 5W,(sans catégorie),review,,,Sin categoría Clover y sin patrón reconocido — revisión manual
W2EN2QCK75BJ6,Z949 Creatures Floor 1Qt,(sans catégorie),review,,,Sin categoría Clover y sin patrón reconocido — revisión manual
FHD3XDF5V2EWG,Z952 Zoomed Creatures White Sand 2lb,(sans catégorie),review,,,Sin categoría Clover y sin patrón reconocido — revisión manual
F5JSYRJGRK9X2,Z954 Zoomed Creature View Magnifier,(sans catégorie),review,,,Sin categoría Clover y sin patrón reconocido — revisión manual
53DJEHB358CFJ,Z958 Zoomed Creatures Rock Bowl,(sans catégorie),review,,,Sin categoría Clover y sin patrón reconocido — revisión manual
B13BRABY170GG,Z959 Zoomed Creatures Feeding Tongs,(sans catégorie),review,,,Sin categoría Clover y sin patrón reconocido — revisión manual
VRSGGY80KN914,Z963A ReptiHabitat 40G. Aquatic Turtle Kit,(sans catégorie),review,,,Sin categoría Clover y sin patrón reconocido — revisión manual
5HPKWZC9R9QF0,Z964B Zoomed Reptihabitat 20 Gal. Juv. Aquatic Turtle Kit,(sans catégorie),review,,,Sin categoría Clover y sin patrón reconocido — revisión manual
REXW4W3CVSN9M,Z966A Zoomed Creatures Habitat Kit 3 Gal.,(sans catégorie),review,,,Sin categoría Clover y sin patrón reconocido — revisión manual
82BM46GPX6J8R,Z966B Zoomed Creatures Den Low Profile 6 gal,(sans catégorie),review,,,Sin categoría Clover y sin patrón reconocido — revisión manual
5C52K8NVSYBWP,Zoomed Eco Earth Coconut Chips 1lb,(sans catégorie),review,,,Sin categoría Clover y sin patrón reconocido — revisión manual
2D07Y2XA142D0,Zoomed Madagascar Bamboo Large,(sans catégorie),review,,,Sin categoría Clover y sin patrón reconocido — revisión manual
R56JNPC15NMT2,Zoomed Malaysian Fern Large,(sans catégorie),review,,,Sin categoría Clover y sin patrón reconocido — revisión manual
F269GY35ZS6R0,Zoomed Multiport Fogger Attachment,(sans catégorie),review,,,Sin categoría Clover y sin patrón reconocido — revisión manual
XXJY3ZSEEX4J6,Zoomed Repti Fogger,(sans catégorie),review,,,Sin categoría Clover y sin patrón reconocido — revisión manual
76NSWYAGN5GFP,Zoomed Repti Rock Water Dish L,(sans catégorie),review,,,Sin categoría Clover y sin patrón reconocido — revisión manual
3AJ87SACG2GYP,z253H T8 36'' 10.0 25w,(sans catégorie),review,,,Sin categoría Clover y sin patrón reconocido — revisión manual
QPW12QWHPT6DA,z681 Tortoise Flower Topper 0.21,(sans catégorie),review,,,Sin categoría Clover y sin patrón reconocido — revisión manual