productId,cloverItemId,nameFr,hadImage,tier,method,imageFile,imagePath,action,imageUrl
c2ece3ab-7857-445d-a3f3-708273e5b817,QV7XGQ1R471CR,78383 Zoomed Roly-Poly Kit,false,low,category:Habitat,CF2-MB-097612200256-Terrarium-Moss.jpg,Cage Substrates jpg/CF2-MB-097612200256-Terrarium-Moss.jpg,uploaded,https://fdz83n9nk6ltlfo9.public.blob.vercel-storage.com/products/QV7XGQ1R471CR.jpg
8e921208-b57e-423b-bcea-09faf349729a,DZMWQQJTGV3T4,78394 Zoomed Blue Tongue Skink & Tegu Food 6oz,true,none,existing-image,,,skip_existing,https://fdz83n9nk6ltlfo9.public.blob.vercel-storage.com/products/DZMWQQJTGV3T4.jpg
1e623b0b-75d3-4323-85df-3d5090c67066,CEGMQV8JPZ3PA,BB-51 ZooMed Aquatic Turtle Banquet Block,true,none,existing-image,,,skip_existing,https://fdz83n9nk6ltlfo9.public.blob.vercel-storage.com/products/CEGMQV8JPZ3PA.jpg
d415640e-d175-4a05-8a48-8632dc9d6f5d,3FQ6HAWKZ30SG,JSK Zoomed Creatures Jumping Spider Kit,true,none,existing-image,,,skip_existing,https://fdz83n9nk6ltlfo9.public.blob.vercel-storage.com/products/3FQ6HAWKZ30SG.jpg
83e6ca2b-561e-48b2-9327-03150a574167,AA9VPBY8JRFJR,Piece Zoomed,false,none,generic-skip,,,skip_generic,
f364b4bd-8e29-4e22-b497-e3c20d73281a,TRMAKWK388512,Probe Zoomed,false,high,rule:probe zoomed|digital probe,BT-50-&-TH-28.jpg,Betta Items jpg/BT-50-&-TH-28.jpg,uploaded,https://fdz83n9nk6ltlfo9.public.blob.vercel-storage.com/products/TRMAKWK388512.jpg
7e7c5670-b212-4105-951a-e72954836986,APJPQBWSRHWMW,Rack Display Zoomed Used,false,none,generic-skip,,,skip_generic,
47291901-24f9-4d3f-9746-f21f1df37857,C5TBDMX3KFFEW,TC-70 ZooMed Terrapump,true,none,existing-image,,,skip_existing,https://fdz83n9nk6ltlfo9.public.blob.vercel-storage.com/products/C5TBDMX3KFFEW.jpg
29aeae01-1e44-4601-be13-281f935bdee4,X78GTVKX09Y3G,Z104 Repti Therm UTH 10-20g,true,none,existing-image,,,skip_existing,https://fdz83n9nk6ltlfo9.public.blob.vercel-storage.com/products/X78GTVKX09Y3G.jpg
ca7aef8b-e76a-464c-bcba-5e24498ec7aa,SMJV9MD54H4Z8,Z105 Repti Therm UTH 30-40g,true,none,existing-image,,,skip_existing,https://fdz83n9nk6ltlfo9.public.blob.vercel-storage.com/products/SMJV9MD54H4Z8.jpg
74807a76-367a-4434-9e1d-d1ee726b261a,4SQ51NZA5FR3E,Z106 Repti Therm UTH 50-60 GAL,true,none,existing-image,,,skip_existing,https://fdz83n9nk6ltlfo9.public.blob.vercel-storage.com/products/4SQ51NZA5FR3E.jpg
5100217f-2939-4585-884c-fa90dfe2a502,KS0ZH86MHNHME,Z107 Repti Therm UTH 1-5 GAL,true,none,existing-image,,,skip_existing,https://fdz83n9nk6ltlfo9.public.blob.vercel-storage.com/products/KS0ZH86MHNHME.jpg
5fe3fea0-1d23-4ca2-b84a-7ae79636f478,24AX9MEWW4V94,Z108 Snake Strip UTH 3.5 x 18'',true,none,existing-image,,,skip_existing,https://fdz83n9nk6ltlfo9.public.blob.vercel-storage.com/products/24AX9MEWW4V94.jpg
c79fb354-0157-42b3-afb4-55dafeb5bfed,QKJHG28J409EP,Z111 Ceramic Infrared Heat emitter 150w,true,none,existing-image,,,skip_existing,https://fdz83n9nk6ltlfo9.public.blob.vercel-storage.com/products/QKJHG28J409EP.jpg
c082d62d-97c9-4c01-aa34-94c5db452223,XM35WG7M22TGT,Z112E Mini Tropical UVB Lighting Combo,true,none,existing-image,,,skip_existing,https://fdz83n9nk6ltlfo9.public.blob.vercel-storage.com/products/XM35WG7M22TGT.jpg
3a941b57-d440-4e2a-80cb-1f5776324ebc,2X7ZHM22N6912,Z112F Aquatic Turtle Lighting Combo,true,none,existing-image,,,skip_existing,https://fdz83n9nk6ltlfo9.public.blob.vercel-storage.com/products/2X7ZHM22N6912.jpg
4fb421bf-468c-44cd-b29b-f024a05bde99,1G1005ZDGYNPT,Z112J Aquatic Turtle UVB & Heat Lighting Combo,true,none,existing-image,,,skip_existing,https://fdz83n9nk6ltlfo9.public.blob.vercel-storage.com/products/1G1005ZDGYNPT.jpg
ec33f8c9-1a02-4909-a51a-5d79c86b3443,Z88DWD2FHKW28,Z114 Zoomed Wire Cage Clamp Lamp,true,none,existing-image,,,skip_existing,https://fdz83n9nk6ltlfo9.public.blob.vercel-storage.com/products/Z88DWD2FHKW28.jpg
2c83129a-3cfe-4006-a167-f5e4312eb6d0,9GVSZ4TNY070G,Z115,false,high,zlookup:Z115,LF-19-Combo-Lamp.jpg,Hoods & Screen Covers jpg/LF-19-Combo-Lamp.jpg,uploaded,https://fdz83n9nk6ltlfo9.public.blob.vercel-storage.com/products/9GVSZ4TNY070G.jpg
2fc51cb4-9258-4185-9fa1-248d947fa7c0,8SYHEZN6J5DZA,Z115M,false,high,zlookup:Z115M,20gal-w-LF-19.jpg,Cages & Cage Units jpg/20gal-w-LF-19.jpg,uploaded,https://fdz83n9nk6ltlfo9.public.blob.vercel-storage.com/products/8SYHEZN6J5DZA.jpg
4651ec7c-58ae-4380-8a00-f1e90808915d,2XH3N9VPFCNEM,Z115O,false,high,zlookup:Z115O,LF-22-097612322026-Trop-Lighting.jpg,Hoods & Screen Covers jpg/LF-22-097612322026-Trop-Lighting.jpg,uploaded,https://fdz83n9nk6ltlfo9.public.blob.vercel-storage.com/products/2XH3N9VPFCNEM.jpg
56dd593c-889a-40a3-850d-a7c5a6590ecf,35T1QZV5SWVQR,Z115P,false,high,zlookup:Z115P,LF-23-097612322033-Desert-Lighting.jpg,Hoods & Screen Covers jpg/LF-23-097612322033-Desert-Lighting.jpg,uploaded,https://fdz83n9nk6ltlfo9.public.blob.vercel-storage.com/products/35T1QZV5SWVQR.jpg
4fa3098e-2eba-41fc-ad04-4a85bed03d05,FP4QRFHSQXV5W,Z115R,false,high,zlookup:Z115R,LF-30-097612322309_Kit.jpg,Hoods & Screen Covers jpg/LF-30-097612322309_Kit.jpg,uploaded,https://fdz83n9nk6ltlfo9.public.blob.vercel-storage.com/products/FP4QRFHSQXV5W.jpg
fd953abc-5136-4713-a7df-2b423d1831d6,XX6Y7H35X8MSE,Z116 Repti Lamp Stand (20-100 Gal)  LF-20,true,none,existing-image,,,skip_existing,https://fdz83n9nk6ltlfo9.public.blob.vercel-storage.com/products/XX6Y7H35X8MSE.jpg
15e5fb0e-b44b-4505-8f9c-58758725d3c8,ND45KA25481AA,Z116S Economy Lamp Stand (10-20 Gal)  LF-21,true,none,existing-image,,,skip_existing,https://fdz83n9nk6ltlfo9.public.blob.vercel-storage.com/products/ND45KA25481AA.jpg
2900443a-a1b0-4ba2-896f-8779334f5ca2,V106W2C4C29J4,Z120A,false,none,generic-skip,,,skip_generic,
86e16ac3-b9bd-401c-b124-7f383bf1e907,0KW9X5FA5W512,Z120B,false,none,generic-skip,,,skip_generic,
45e5abff-cceb-4e18-9a1f-110b6c0133da,V4W71913GKB2J,Z120D,false,none,generic-skip,,,skip_generic,
de91f66a-3a4b-4e9c-b86b-3c07ecd3fa85,TEDPT0CF50TGC,Z120c,false,none,generic-skip,,,skip_generic,
4eeb2ace-6249-4fd4-aa97-7f0044e302a4,Y1BG6A36NW58P,Z126 Zoomed Digital Terrarium Thermometer,true,none,existing-image,,,skip_existing,https://fdz83n9nk6ltlfo9.public.blob.vercel-storage.com/products/Y1BG6A36NW58P.jpg
d1131e58-5761-4ff1-b568-060bfe2d859c,FVP4WF94QSE7A,Z126A Zoomed Digital Combo Thermometer / Humidity Gauge,true,none,existing-image,,,skip_existing,https://fdz83n9nk6ltlfo9.public.blob.vercel-storage.com/products/FVP4WF94QSE7A.jpg
4adc4e17-9d3d-4312-a7eb-f499992ce030,21T49WXV61WWR,Z126B Reptile Digital min-max Thermometer,true,none,existing-image,,,skip_existing,https://fdz83n9nk6ltlfo9.public.blob.vercel-storage.com/products/21T49WXV61WWR.jpg
04a4f67a-6b3c-428c-b025-3d942cf38dfd,XEATDRSXS338T,Z128A Reptitemp Digital Thermostat,true,none,existing-image,,,skip_existing,https://fdz83n9nk6ltlfo9.public.blob.vercel-storage.com/products/XEATDRSXS338T.jpg
b828abb6-c80c-460e-a1db-1f7daebf81ca,EEKYQVHTRQ7SY,Z128B ZooMed Environmental Control Center,true,none,existing-image,,,skip_existing,https://fdz83n9nk6ltlfo9.public.blob.vercel-storage.com/products/EEKYQVHTRQ7SY.jpg
6117e2e3-ac89-4399-b2ff-f959e490b748,CKEVHM412MZMJ,Z128C  ZooMed Reptitemp Dimming Digital Thermostat,true,none,existing-image,,,skip_existing,https://fdz83n9nk6ltlfo9.public.blob.vercel-storage.com/products/CKEVHM412MZMJ.jpg
c8296887-ff42-4e73-9e8f-583705cd2e02,2S1MXWH0SDYT4,Z129 ZooMed Reptitemp Rheostat 150 W,true,none,existing-image,,,skip_existing,https://fdz83n9nk6ltlfo9.public.blob.vercel-storage.com/products/2S1MXWH0SDYT4.jpg
64576e95-6238-4f95-854a-d88ed544d61c,MKZ469YRGZY0T,Z130 Zoomed Repti Day/ Night Timer,true,none,existing-image,,,skip_existing,https://fdz83n9nk6ltlfo9.public.blob.vercel-storage.com/products/MKZ469YRGZY0T.jpg
6d78fba1-96ee-4236-b28f-ccf0cb06a4d3,C799HYQMRV73M,Z131 MINUTERIE POUR TERRARIUM,true,none,existing-image,,,skip_existing,https://fdz83n9nk6ltlfo9.public.blob.vercel-storage.com/products/C799HYQMRV73M.jpg
bb882d40-84fb-497f-ac8c-5313f748f423,G4D1XDA94CPSR,Z132 Repticare Terrarium Controller,true,none,existing-image,,,skip_existing,https://fdz83n9nk6ltlfo9.public.blob.vercel-storage.com/products/G4D1XDA94CPSR.jpg
e1b65042-6ea3-4ffd-9852-068016dd79f8,2JF71AZ9PKBE8,Z149 Naturalistic Terrarium Waterfall Kit,true,none,existing-image,,,skip_existing,https://fdz83n9nk6ltlfo9.public.blob.vercel-storage.com/products/2JF71AZ9PKBE8.jpg
3ff0c858-512b-41d7-9fe6-774b416bda5a,QP2KB512QJ65Y,Z150C Repti Rapids LED Waterfall Wood MD,true,none,existing-image,,,skip_existing,https://fdz83n9nk6ltlfo9.public.blob.vercel-storage.com/products/QP2KB512QJ65Y.jpg
7670b3b7-91d4-4e82-a515-1f24229dfc37,ZS2WV05SXWCFW,Z152 Reptirain Automatic Misting Machine,true,none,existing-image,,,skip_existing,https://fdz83n9nk6ltlfo9.public.blob.vercel-storage.com/products/ZS2WV05SXWCFW.jpg
e36c41f3-5ffa-40d4-a1a4-a5c97b5ea5bf,7B1X8PCVK5N10,Z153,false,high,zlookup:Z153,LF-50-&-LF-55-hoods.jpg,Hoods & Screen Covers jpg/LF-50-&-LF-55-hoods.jpg,uploaded,https://fdz83n9nk6ltlfo9.public.blob.vercel-storage.com/products/7B1X8PCVK5N10.jpg
92fbff01-b917-4fc7-a6d4-fe6452a5d98c,XDY6DNMAZADH6,Z154 ZooMed Repti Cooler,true,none,existing-image,,,skip_existing,https://fdz83n9nk6ltlfo9.public.blob.vercel-storage.com/products/XDY6DNMAZADH6.jpg
c89e8344-b814-4838-bc63-f1cf8cdc6ed6,FGFNGZFAD85VY,Z157M Floating Aquarium Log Md,true,none,existing-image,,,skip_existing,https://fdz83n9nk6ltlfo9.public.blob.vercel-storage.com/products/FGFNGZFAD85VY.jpg
fdded329-0849-4a88-b6fc-c0124e0a913b,21Q9BYPXYYGZJ,Z159L Turtle Dock Large,true,none,existing-image,,,skip_existing,https://fdz83n9nk6ltlfo9.public.blob.vercel-storage.com/products/21Q9BYPXYYGZJ.jpg
47294261-a47d-410a-a763-2dff9dd219fe,SHWTBXDYF8VR2,Z159M ZooMed Turtle Dock 15 gal MD,true,none,existing-image,,,skip_existing,https://fdz83n9nk6ltlfo9.public.blob.vercel-storage.com/products/SHWTBXDYF8VR2.jpg
cd3f4a97-359c-4880-8a62-957a73577d3d,X6Y0JK1KHRWNE,Z159S,false,high,zlookup:Z159S,LF-50-&-LF-55-hoods.jpg,Hoods & Screen Covers jpg/LF-50-&-LF-55-hoods.jpg,uploaded,https://fdz83n9nk6ltlfo9.public.blob.vercel-storage.com/products/X6Y0JK1KHRWNE.jpg
484156d0-509b-48af-b9c6-fd13fc9340a8,QRSHKA00CYGA6,Z159X ZooMed Floating Turtle Dock X-Large,true,none,existing-image,,,skip_existing,https://fdz83n9nk6ltlfo9.public.blob.vercel-storage.com/products/QRSHKA00CYGA6.jpg
82a269af-d585-41b1-aa9f-7a6e93df9a1b,5S34X2S8VNHXG,Z159Z Zoomed 4 Suction Cups For Turtle Docks,true,none,existing-image,,,skip_existing,https://fdz83n9nk6ltlfo9.public.blob.vercel-storage.com/products/5S34X2S8VNHXG.jpg
e723e87a-9ade-4276-a781-4802f1211797,NCWMEPW5NNVKY,Z160C Nano 10/30 Carbon (1 pack),true,none,existing-image,,,skip_existing,https://fdz83n9nk6ltlfo9.public.blob.vercel-storage.com/products/NCWMEPW5NNVKY.jpg
eff225cc-64f7-40c1-8a71-3b148adc9e2f,S9VWHAAQNFN4T,Z162 Macro 50 External Canister Filter,true,none,existing-image,,,skip_existing,https://fdz83n9nk6ltlfo9.public.blob.vercel-storage.com/products/S9VWHAAQNFN4T.jpg
9cc71b71-7f5d-4681-a6bb-2b2e954d5399,WNNBZSG4KHYNJ,Z162C Macro 50/75 Carbon (2 pack),true,none,existing-image,,,skip_existing,https://fdz83n9nk6ltlfo9.public.blob.vercel-storage.com/products/WNNBZSG4KHYNJ.jpg
9f77b099-d2f3-4e35-9032-983f99a0a37b,9TFV1DGP46DG0,Z164 Zoomed Ceramic Catfish Log,true,none,existing-image,,,skip_existing,https://fdz83n9nk6ltlfo9.public.blob.vercel-storage.com/products/9TFV1DGP46DG0.jpg
b9751526-ade7-4937-ab3a-12dc4d9f74fe,2KXJDQR9R09EE,Z165 Zoomed Floating Turtle Feeder,true,none,existing-image,,,skip_existing,https://fdz83n9nk6ltlfo9.public.blob.vercel-storage.com/products/2KXJDQR9R09EE.jpg
12d58547-c64a-4bf5-9aa3-2cea0e8f06a2,HSRP6B2EQ5WWT,Z166 Turtleclean Filter (10Gal),true,none,existing-image,,,skip_existing,https://fdz83n9nk6ltlfo9.public.blob.vercel-storage.com/products/HSRP6B2EQ5WWT.jpg
a1fc12ae-66ef-4cca-a3ad-ae97a71ceb16,8STJVNN9Y57V4,Z166A Turtleclean Filter (10Gal) Repl. Cartridge,true,none,existing-image,,,skip_existing,https://fdz83n9nk6ltlfo9.public.blob.vercel-storage.com/products/8STJVNN9Y57V4.jpg
8d640058-31ec-419c-9ba3-a4cc75c3e09a,BYTGNJYWZS2R2,Z166B Turtleclean Filter (20Gal),true,none,existing-image,,,skip_existing,https://fdz83n9nk6ltlfo9.public.blob.vercel-storage.com/products/BYTGNJYWZS2R2.jpg
70287f67-d2e5-4d8a-8172-1781ad88d93d,2SV50TD4Y80X0,Z166c Turtleclean Filter (20Gal) Repl. Cartridge,true,none,existing-image,,,skip_existing,https://fdz83n9nk6ltlfo9.public.blob.vercel-storage.com/products/2SV50TD4Y80X0.jpg
f7c4b8a1-9435-4ab2-a580-c98353ce1c9c,ZMD96NG25J80R,Z167 Zoomed Hanging Mealworm Feeder Bowl,true,none,existing-image,,,skip_existing,https://fdz83n9nk6ltlfo9.public.blob.vercel-storage.com/products/ZMD96NG25J80R.jpg
5ea5b6a0-e301-46a6-a785-430820e89984,AZXD7WM21VMBT,Z168 TurtleMatic Automatic Feeder,true,none,existing-image,,,skip_existing,https://fdz83n9nk6ltlfo9.public.blob.vercel-storage.com/products/AZXD7WM21VMBT.jpg
3284339d-62e6-4547-94ea-502a7672865d,VS64FJ10WJR0C,Z169 Turtletherm Heater 50W (15GAL),true,none,existing-image,,,skip_existing,https://fdz83n9nk6ltlfo9.public.blob.vercel-storage.com/products/VS64FJ10WJR0C.jpg
3e6aec8d-6582-4098-a026-97801e92ed05,QV37PC41EY3NW,Z169A Turtletherm Heater 100W (30GAL),true,none,existing-image,,,skip_existing,https://fdz83n9nk6ltlfo9.public.blob.vercel-storage.com/products/QV37PC41EY3NW.jpg
b6b60cf9-312f-4af1-a18a-8372bb373350,4RTGA1JHKS3MP,Z169B Turtletherm Heater 150W (50GAL),true,none,existing-image,,,skip_existing,https://fdz83n9nk6ltlfo9.public.blob.vercel-storage.com/products/4RTGA1JHKS3MP.jpg
ecd4527c-655b-4b40-87d1-de863baec7d3,P1SZKX57GBJNC,Z169C Turtletherm Heater 300W (100GAL),true,none,existing-image,,,skip_existing,https://fdz83n9nk6ltlfo9.public.blob.vercel-storage.com/products/P1SZKX57GBJNC.jpg
5fe05dfa-5c33-471b-ad0a-42261d4542ea,DS0R2H3W2QV54,Z170 Repti Reservoir,false,low,category:Decoration,Habba-Hut-M.jpg,Cage Furniture jpg/Habba-Hut-M.jpg,uploaded,https://fdz83n9nk6ltlfo9.public.blob.vercel-storage.com/products/DS0R2H3W2QV54.jpg
ebaffa3c-4d36-4ac5-8672-81eb0c6a7a71,ZCYFWQCBCTQCW,Z171,false,high,zlookup:Z171,ZM-170-097612401707-Cricket-Care.jpg,Foods jpg/ZM-170-097612401707-Cricket-Care.jpg,uploaded,https://fdz83n9nk6ltlfo9.public.blob.vercel-storage.com/products/ZCYFWQCBCTQCW.jpg
9f2ee50e-2fdc-4147-96c8-38e9f5ecb9a8,QPV8CZEZRGP2C,Z172,false,high,zlookup:Z172,LF-19-Combo-Lamp.jpg,Hoods & Screen Covers jpg/LF-19-Combo-Lamp.jpg,uploaded,https://fdz83n9nk6ltlfo9.public.blob.vercel-storage.com/products/QPV8CZEZRGP2C.jpg
1faaab7f-42e0-4bff-a860-51202d1c20de,775XC2YXE2BF0,Z173,false,high,zlookup:Z173,LF-28-097612322286_Combo.jpg,Hoods & Screen Covers jpg/LF-28-097612322286_Combo.jpg,uploaded,https://fdz83n9nk6ltlfo9.public.blob.vercel-storage.com/products/775XC2YXE2BF0.jpg
c0fddd8e-0ff8-44af-b1fb-027c6ccc3892,6PV0Y8BQ6TT6M,Z174,false,high,zlookup:Z174,FD-20_grn_097612921205.jpg,Terrarium Accessories jpg/FD-20_grn_097612921205.jpg,uploaded,https://fdz83n9nk6ltlfo9.public.blob.vercel-storage.com/products/6PV0Y8BQ6TT6M.jpg
a00255f6-2be7-4ebc-b199-084bfb68c790,BBP61QY8MA4XT,Z174L,false,high,zlookup:Z174L,FD-40_grn-097612921403.jpg,Terrarium Accessories jpg/FD-40_grn-097612921403.jpg,uploaded,https://fdz83n9nk6ltlfo9.public.blob.vercel-storage.com/products/BBP61QY8MA4XT.jpg
08c83679-3b99-4428-a889-9a4e27cb7b6d,70CEV2BP5BHNA,Z174M,false,high,zlookup:Z174M,FD-30_gray-097612921304.jpg,Terrarium Accessories jpg/FD-30_gray-097612921304.jpg,uploaded,https://fdz83n9nk6ltlfo9.public.blob.vercel-storage.com/products/70CEV2BP5BHNA.jpg
ce9f6296-2a91-4369-b132-60651dcd7d1e,GPXTWBR8JG5XE,Z174X,false,high,zlookup:Z174X,FD-50_gray-097612921502.jpg,Terrarium Accessories jpg/FD-50_gray-097612921502.jpg,uploaded,https://fdz83n9nk6ltlfo9.public.blob.vercel-storage.com/products/GPXTWBR8JG5XE.jpg
67031d26-5d32-4d8a-b151-e44efb7b57f9,RRMVFPYJC17R2,Z175F ZooMed Repti Rock Food Dish Small,true,none,existing-image,,,skip_existing,https://fdz83n9nk6ltlfo9.public.blob.vercel-storage.com/products/RRMVFPYJC17R2.jpg
7f3ec8ca-0b21-48fc-ab26-71110b6dfac7,BZSXN2NQ9AWJE,Z175M Combo Repti Rock Dishes SM,true,none,existing-image,,,skip_existing,https://fdz83n9nk6ltlfo9.public.blob.vercel-storage.com/products/BZSXN2NQ9AWJE.jpg
1c9f113e-7c1b-4947-9bce-5eba5987218b,EDNSHX3NVFQXT,Z176 Zoomed Repti Rock Water Dish small,true,none,existing-image,,,skip_existing,https://fdz83n9nk6ltlfo9.public.blob.vercel-storage.com/products/EDNSHX3NVFQXT.jpg
95e87e94-55cb-4396-9bee-365f8fb037d9,1Z66082TSHE64,Z177,false,high,zlookup:Z177,WD-20_grn-097612920208.jpg,Terrarium Accessories jpg/WD-20_grn-097612920208.jpg,uploaded,https://fdz83n9nk6ltlfo9.public.blob.vercel-storage.com/products/1Z66082TSHE64.jpg
4417e4d9-65d3-47b9-a42d-265d4e4f7382,JY90DQWWJBJ5W,Z177F,false,high,zlookup:Z177F,FD-20_grn_097612921205.jpg,Terrarium Accessories jpg/FD-20_grn_097612921205.jpg,uploaded,https://fdz83n9nk6ltlfo9.public.blob.vercel-storage.com/products/JY90DQWWJBJ5W.jpg
490ddd96-a3fb-4127-a4dd-6035c475822f,5TXGT1BNPKYGP,Z177M Combo Repti Rock Dishes MD,true,none,existing-image,,,skip_existing,https://fdz83n9nk6ltlfo9.public.blob.vercel-storage.com/products/5TXGT1BNPKYGP.jpg
192d99f1-83e6-4753-a3ae-c58701abddbb,36JCZ6QQ5AXPA,Z178F,false,high,zlookup:Z178F,FD-40_grn-097612921403.jpg,Terrarium Accessories jpg/FD-40_grn-097612921403.jpg,uploaded,https://fdz83n9nk6ltlfo9.public.blob.vercel-storage.com/products/36JCZ6QQ5AXPA.jpg
f4d93843-8b93-4c0b-a439-2482028b6c47,XATTBYMEMVR52,Z178M Combo Repti Rock Dishes LG,true,none,existing-image,,,skip_existing,https://fdz83n9nk6ltlfo9.public.blob.vercel-storage.com/products/XATTBYMEMVR52.jpg
ce81900b-af0d-41e0-8a9b-cf29276ea952,JV8Z85MR7YQXM,Z179,false,high,zlookup:Z179,WD-40_gray-097612920406.jpg,Terrarium Accessories jpg/WD-40_gray-097612920406.jpg,uploaded,https://fdz83n9nk6ltlfo9.public.blob.vercel-storage.com/products/JV8Z85MR7YQXM.jpg
0b183fc5-d0a6-4dc1-a3bc-1d5eba6b2dc0,0XNN15TMQWQHR,Z179F,false,high,zlookup:Z179F,FD-40_grn-097612921403.jpg,Terrarium Accessories jpg/FD-40_grn-097612921403.jpg,uploaded,https://fdz83n9nk6ltlfo9.public.blob.vercel-storage.com/products/0XNN15TMQWQHR.jpg
b51f4d9d-33ec-426a-97d7-8e1dec1e1b41,6NATHTJHFWBBM,Z179M Combo Repti Rock Dishes XL,true,none,existing-image,,,skip_existing,https://fdz83n9nk6ltlfo9.public.blob.vercel-storage.com/products/6NATHTJHFWBBM.jpg
5e4c1cb9-7827-4182-a943-203f8ea5f6b4,8XX88TT21DSK6,Z180 Zoomed Eco Earth (1 brick),true,none,existing-image,,,skip_existing,https://fdz83n9nk6ltlfo9.public.blob.vercel-storage.com/products/8XX88TT21DSK6.jpg
372109fa-4094-4d77-94f4-d71e6bee8882,QSZJT8N60GX64,Z181,false,high,zlookup:Z181,WD-50-gray-097612920505.jpg,Terrarium Accessories jpg/WD-50-gray-097612920505.jpg,uploaded,https://fdz83n9nk6ltlfo9.public.blob.vercel-storage.com/products/QSZJT8N60GX64.jpg
5b00ae97-de40-4d4f-a2e1-1cd1720b69ef,5JWFTD6AYRSKY,Z182K Cavern Kit with Excavator,true,none,existing-image,,,skip_existing,https://fdz83n9nk6ltlfo9.public.blob.vercel-storage.com/products/5JWFTD6AYRSKY.jpg
3203de37-6fdb-4db8-b6a2-8440888ad842,2WZKH6XDWSYEW,Z1832 Zoomed Coconut Chips (Jumbo Brick 5kg),false,low,category:Substrat,CM--Forest-Floor-Sample.jpg,Cage Substrates jpg/CM--Forest-Floor-Sample.jpg,uploaded,https://fdz83n9nk6ltlfo9.public.blob.vercel-storage.com/products/2WZKH6XDWSYEW.jpg
c7a1df1d-33e7-48dc-8bd4-55d3ac156c78,0PR0R6CNJME0E,Z184 Zoomed Reptisand - Desert White 10lbs,true,none,existing-image,,,skip_existing,https://fdz83n9nk6ltlfo9.public.blob.vercel-storage.com/products/0PR0R6CNJME0E.jpg
2477f0a4-0de4-4ed0-aeb7-d89a8c602179,QYEXPZ08Z14RY,Z1842 Zoomed Reptisand - Desert White 20lbs,true,none,existing-image,,,skip_existing,https://fdz83n9nk6ltlfo9.public.blob.vercel-storage.com/products/QYEXPZ08Z14RY.jpg
6e9ee42b-665c-4730-b2c8-2c9565ce03a2,G8C7M0WTXPKV4,Z185 Eco Carpet (8x16) 5gal. green,true,none,existing-image,,,skip_existing,https://fdz83n9nk6ltlfo9.public.blob.vercel-storage.com/products/G8C7M0WTXPKV4.jpg
25e12e26-4ff1-4cbd-8f82-38fbf3dbc7d8,MZFZ72V8TCKCG,Z185B Eco Carpet Green 15/20 Gal 12x24,true,none,existing-image,,,skip_existing,https://fdz83n9nk6ltlfo9.public.blob.vercel-storage.com/products/MZFZ72V8TCKCG.jpg
1fa3c5ee-b60b-43dd-89d9-9040b729489f,AF6530KANPE4E,Z185G  Eco Carpet Green (16 X 16) ReptiBreeze,true,none,existing-image,,,skip_existing,https://fdz83n9nk6ltlfo9.public.blob.vercel-storage.com/products/AF6530KANPE4E.jpg
c7adc8e5-5568-46d2-8580-5dffa78779ea,7FHZ5W40C5CA4,Z185H Zoomed Eco Carpet (18x36) Breeder 40 Gal Green / Vert,true,none,existing-image,,,skip_existing,https://fdz83n9nk6ltlfo9.public.blob.vercel-storage.com/products/7FHZ5W40C5CA4.jpg
4efb0397-6032-429e-a12d-36fab5b3425e,408A0E988PB0Y,Z185HT Zoomed Eco Carpet (18x36) Breeder 40 Gal Tan,true,none,existing-image,,,skip_existing,https://fdz83n9nk6ltlfo9.public.blob.vercel-storage.com/products/408A0E988PB0Y.jpg
e4199812-a7f2-4dc0-99e5-5281ec8d99aa,7TJVH0MHAY7R6,Z185T Eco Carpet (8x16) 5gal. Tan,true,none,existing-image,,,skip_existing,https://fdz83n9nk6ltlfo9.public.blob.vercel-storage.com/products/7TJVH0MHAY7R6.jpg
5737c62d-c6c9-4928-9f88-d29dd38e931c,NYQ34H071SNN8,Z187,false,high,zlookup:Z187,EE-08_097612790085-Eco_Earth.jpg,Cage Substrates jpg/EE-08_097612790085-Eco_Earth.jpg,uploaded,https://fdz83n9nk6ltlfo9.public.blob.vercel-storage.com/products/NYQ34H071SNN8.jpg
f31b9121-7781-41cf-88b4-2c4da4b5902c,NNE9GEH4F4X3C,Z188G Vita Sand Gobi Gold 10lb,true,none,existing-image,,,skip_existing,https://fdz83n9nk6ltlfo9.public.blob.vercel-storage.com/products/NNE9GEH4F4X3C.jpg
9dab0e41-4cf1-45d0-9b54-fdc9fbcd9800,JWKGW4RVY7JW6,Z188O Vita Sand OutBack Orange 10lb,true,none,existing-image,,,skip_existing,https://fdz83n9nk6ltlfo9.public.blob.vercel-storage.com/products/JWKGW4RVY7JW6.jpg
98a8ef96-6f12-4e4c-9dc0-2ca21a412b3e,3PW0K4WS3JJE4,Z188S Vita Sand Sahara Slate 10lb,true,none,existing-image,,,skip_existing,https://fdz83n9nk6ltlfo9.public.blob.vercel-storage.com/products/3PW0K4WS3JJE4.jpg
30c4ad60-4f19-4c51-9836-e4198ee7e531,VHR1XG7WJ70YJ,Z188W Vita Sand Sonoran White 10lb,true,none,existing-image,,,skip_existing,https://fdz83n9nk6ltlfo9.public.blob.vercel-storage.com/products/VHR1XG7WJ70YJ.jpg
8faaea67-a955-4d76-bb25-14a53bf923cd,PTW6Y9ANMY448,Z197B Aspen Snake Bedding 8qt,true,none,existing-image,,,skip_existing,https://fdz83n9nk6ltlfo9.public.blob.vercel-storage.com/products/PTW6Y9ANMY448.jpg
f19b92b3-4dce-46f8-abc7-36fc748f56e1,T2Y9JE15SWJEA,Z197C Zoomed  Aspen Snake Bedding 24QT,true,none,existing-image,,,skip_existing,https://fdz83n9nk6ltlfo9.public.blob.vercel-storage.com/products/T2Y9JE15SWJEA.jpg
af2bed98-2ba6-446d-a140-95e49b121e14,RZ9NZVB2QV7CJ,Z199 Zoomed Forest Floor Bed 8QT,true,none,existing-image,,,skip_existing,https://fdz83n9nk6ltlfo9.public.blob.vercel-storage.com/products/RZ9NZVB2QV7CJ.jpg
10dd430b-6744-464e-bb23-7911ac3c1014,7NZHW5RET09QP,"Z200 Substrat de cypres ""Forest Floor"" 24qt.",true,none,existing-image,,,skip_existing,https://fdz83n9nk6ltlfo9.public.blob.vercel-storage.com/products/7NZHW5RET09QP.jpg
c7a915c7-8039-445f-9e14-82171e8b705d,ZXCE5XFG597ZR,Z200A ZooMed Aquarocks Natural Aquatic Substrate 10 lbs,true,none,existing-image,,,skip_existing,https://fdz83n9nk6ltlfo9.public.blob.vercel-storage.com/products/ZXCE5XFG597ZR.jpg
9ef2feb0-20f7-4bd6-b817-0b1659727b6b,2QT9DF49QEAYM,Z200P Aquatic River Pebbles 10 LB.,true,none,existing-image,,,skip_existing,https://fdz83n9nk6ltlfo9.public.blob.vercel-storage.com/products/2QT9DF49QEAYM.jpg
27054a2a-cc19-470f-a994-7825b6d60632,99SWS1J4GX342,Z201,false,high,zlookup:Z201,RB-1-097612750010-ReptiBark1qt.jpg,Cage Substrates jpg/RB-1-097612750010-ReptiBark1qt.jpg,uploaded,https://fdz83n9nk6ltlfo9.public.blob.vercel-storage.com/products/99SWS1J4GX342.jpg
76251918-a62c-4899-bba6-b540d878b138,D5887ANP9K0DE,Z202,false,high,zlookup:Z202,RB-1-097612750010-ReptiBark1qt.jpg,Cage Substrates jpg/RB-1-097612750010-ReptiBark1qt.jpg,uploaded,https://fdz83n9nk6ltlfo9.public.blob.vercel-storage.com/products/D5887ANP9K0DE.jpg
286a8223-4aec-430a-adf1-cbb82da45c01,ZJKRC6AZC4MDP,Z203,false,high,zlookup:Z203,RB-1-097612750010-ReptiBark1qt.jpg,Cage Substrates jpg/RB-1-097612750010-ReptiBark1qt.jpg,uploaded,https://fdz83n9nk6ltlfo9.public.blob.vercel-storage.com/products/ZJKRC6AZC4MDP.jpg
c39accea-40b3-4d35-909c-f7a48cf56a58,0GR6DFN9Z0EFE,Z204 Zoomed Terrarium Moss 30-40 Gallons Xlg,true,none,existing-image,,,skip_existing,https://fdz83n9nk6ltlfo9.public.blob.vercel-storage.com/products/0GR6DFN9Z0EFE.jpg
4f96807f-fe66-45d1-a500-5a0066b32ab6,MDKTRCZNQ92AC,Z205 Terrarium moss Mini bale,true,none,existing-image,,,skip_existing,https://fdz83n9nk6ltlfo9.public.blob.vercel-storage.com/products/MDKTRCZNQ92AC.jpg
ec165664-54ba-4098-907a-e7f9fcd55f10,VGH28KD0XZVT0,Z206 Repti Bark 24Qt,true,none,existing-image,,,skip_existing,https://fdz83n9nk6ltlfo9.public.blob.vercel-storage.com/products/VGH28KD0XZVT0.jpg
b6fc24ef-8d17-4a78-bb99-596822491441,TZ4VKJEA4NTCT,Z207 ZooMed ReptiBark 4Qt,true,none,existing-image,,,skip_existing,https://fdz83n9nk6ltlfo9.public.blob.vercel-storage.com/products/TZ4VKJEA4NTCT.jpg
1d3265d6-8e44-4e13-b7b2-2e6d2e0ff513,P70NS346J0FEJ,Z208 Repti Bark 8QT,true,none,existing-image,,,skip_existing,https://fdz83n9nk6ltlfo9.public.blob.vercel-storage.com/products/P70NS346J0FEJ.jpg
28f1bb3d-773a-42ac-a400-66e8e60f238c,EC18MW3WF9FXG,Z209 Repti Soil 10 Qt.,true,none,existing-image,,,skip_existing,https://fdz83n9nk6ltlfo9.public.blob.vercel-storage.com/products/EC18MW3WF9FXG.jpg
8f0626d8-5f42-4d93-8834-7dac2582db02,AXF9SRRMAQWS2,Z209A Zoomed Repti Soil 4Qt,true,none,existing-image,,,skip_existing,https://fdz83n9nk6ltlfo9.public.blob.vercel-storage.com/products/AXF9SRRMAQWS2.jpg
6b1b5dab-7f81-4579-93bf-bd48bc5cb60a,8JE3EYH6R0VBW,Z210 Repti Soil 24 Qt.,true,none,existing-image,,,skip_existing,https://fdz83n9nk6ltlfo9.public.blob.vercel-storage.com/products/8JE3EYH6R0VBW.jpg
5566f1e6-8115-4b27-acc5-3de954cb79f0,J8ZSPJHS5146E,Z211 Repti Chips 10qt,true,none,existing-image,,,skip_existing,https://fdz83n9nk6ltlfo9.public.blob.vercel-storage.com/products/J8ZSPJHS5146E.jpg
59a4baeb-9c0f-4d08-9da7-12094b7c40a2,3EEA7M71MB1VT,Z212 Reptichips 24qt,true,none,existing-image,,,skip_existing,https://fdz83n9nk6ltlfo9.public.blob.vercel-storage.com/products/3EEA7M71MB1VT.jpg
6f3699f3-c963-4c71-9191-23d21d706935,P9RZ5PH0GK334,Z217 Tropical Bioactive Substrate Kit,true,none,existing-image,,,skip_existing,https://fdz83n9nk6ltlfo9.public.blob.vercel-storage.com/products/P9RZ5PH0GK334.jpg
df3a319d-0f87-40bb-b586-52c948b59f2d,BAB1NZYJ6SN6J,Z218 / Z865 Zoomed Terrarium Jackfruit Leaf Litter,false,low,category:Substrat,CM--Forest-Floor-Sample.jpg,Cage Substrates jpg/CM--Forest-Floor-Sample.jpg,uploaded,https://fdz83n9nk6ltlfo9.public.blob.vercel-storage.com/products/BAB1NZYJ6SN6J.jpg
50bd8314-c66c-4b33-b715-b3aad918b8f3,CTYHCQ8HY3SMP,Z218A Zoomed Tropical Bioblend 8QT,true,none,existing-image,,,skip_existing,https://fdz83n9nk6ltlfo9.public.blob.vercel-storage.com/products/CTYHCQ8HY3SMP.jpg
f58394c0-8a17-470e-a463-2ce35b286a1a,2H415TDFQYJRP,Z224 Reptisun LED/UVB 9 Watt,true,none,existing-image,,,skip_existing,https://fdz83n9nk6ltlfo9.public.blob.vercel-storage.com/products/2H415TDFQYJRP.jpg
2c45c6a4-fa21-40ff-ab3d-653b5de20f22,QG4X573WXJ36T,Z225,false,high,zlookup:Z225,RR-10-097612910100.jpg,Water Accessories jpg/RR-10-097612910100.jpg,uploaded,https://fdz83n9nk6ltlfo9.public.blob.vercel-storage.com/products/QG4X573WXJ36T.jpg
f4559c19-d330-4286-917d-5da66cc9b17d,0FXFM0GR6483R,Z226 Bearded Dragon Combo Pack (75w basking 10.0 UVB 13W),true,none,existing-image,,,skip_existing,https://fdz83n9nk6ltlfo9.public.blob.vercel-storage.com/products/0FXFM0GR6483R.jpg
d0dec7ce-50a4-4e16-a694-339536af03ca,4Q828BBVFB688,Z226B Basking/Infrared Combo Pack 75W (Night/Day 75w),true,none,existing-image,,,skip_existing,https://fdz83n9nk6ltlfo9.public.blob.vercel-storage.com/products/4Q828BBVFB688.jpg
453007da-4cde-493f-baac-cba72736c648,GP9CVMFGPJEH0,Z226H Basking Spot 100W/5.0 UVB 26w,true,none,existing-image,,,skip_existing,https://fdz83n9nk6ltlfo9.public.blob.vercel-storage.com/products/GP9CVMFGPJEH0.jpg
32d052a1-f2cc-45a0-ba36-068abd35b1b8,1Z6J9WX3NBXQ2,Z229 Reptisun 5.0 UVB 26w,true,none,existing-image,,,skip_existing,https://fdz83n9nk6ltlfo9.public.blob.vercel-storage.com/products/1Z6J9WX3NBXQ2.jpg
9a991ef2-2047-477e-b80f-4dc2a628ab01,TPSS6QTPRE8MW,Z229A Reptisun 10.0 UVB 26w,true,none,existing-image,,,skip_existing,https://fdz83n9nk6ltlfo9.public.blob.vercel-storage.com/products/TPSS6QTPRE8MW.jpg
112a8f62-5387-496f-a95b-3103b6f42194,8SXTPC8GXZS0J,Z229B Reptisun 5.0  13W,true,none,existing-image,,,skip_existing,https://fdz83n9nk6ltlfo9.public.blob.vercel-storage.com/products/8SXTPC8GXZS0J.jpg
21a363f2-aff5-4c9f-9c16-3c3cbcf55cf4,MVXD2WQ2MXS5J,Z229C Reptisun 10.0 13W,true,none,existing-image,,,skip_existing,https://fdz83n9nk6ltlfo9.public.blob.vercel-storage.com/products/MVXD2WQ2MXS5J.jpg
fe04b2f1-5253-4bc5-960b-fb92e6c7192f,5QS1CVM8BX1QT,Z229D Reptisun 3en1      26 watts  z973,true,none,existing-image,,,skip_existing,https://fdz83n9nk6ltlfo9.public.blob.vercel-storage.com/products/5QS1CVM8BX1QT.jpg
cac6b120-ad54-42ad-b423-13e9ef472d8e,ZEFS30M8Q5FH0,Z229E Reptisun Mega Compact UVB Lamp 65W,true,none,existing-image,,,skip_existing,https://fdz83n9nk6ltlfo9.public.blob.vercel-storage.com/products/ZEFS30M8Q5FH0.jpg
cd6bc354-ff68-4cef-b269-6d3598165828,723RJ20BS5HV8,Z230 Zoomed Powersun UV 160 Watt,true,none,existing-image,,,skip_existing,https://fdz83n9nk6ltlfo9.public.blob.vercel-storage.com/products/723RJ20BS5HV8.jpg
4b997ad6-de87-48bd-9996-f52b35ee8e94,18C4NWH1DW1TA,Z231A Powersun UV 80 Watt,true,none,existing-image,,,skip_existing,https://fdz83n9nk6ltlfo9.public.blob.vercel-storage.com/products/18C4NWH1DW1TA.jpg
2559529c-f830-4cfc-b4f0-6e64ce7e54b0,4GJT5TNBFK4S4,Z232R Splashproof Halogen 50Watt,true,none,existing-image,,,skip_existing,https://fdz83n9nk6ltlfo9.public.blob.vercel-storage.com/products/4GJT5TNBFK4S4.jpg
a0cdf90f-4fda-4922-bdca-e9b12823ab6e,GBA5YGS7B8C7R,Z232S Splashproof Halogen 75Watt,true,none,existing-image,,,skip_existing,https://fdz83n9nk6ltlfo9.public.blob.vercel-storage.com/products/GBA5YGS7B8C7R.jpg
35a37341-099f-4644-9c7f-7510262fd1a2,Z53XMD12REV76,Z232T Splashproof Halogen 90 Watt,true,none,existing-image,,,skip_existing,https://fdz83n9nk6ltlfo9.public.blob.vercel-storage.com/products/Z53XMD12REV76.jpg
5863052a-fe15-4d90-876f-ae497cdd4fea,XXYHC1AF7BJW2,Z234 Nightlight Red Reptile Bulb 25 W,true,none,existing-image,,,skip_existing,https://fdz83n9nk6ltlfo9.public.blob.vercel-storage.com/products/XXYHC1AF7BJW2.jpg
2d65582a-c942-43fe-8829-4921130155dc,458KEC2QWX03A,Z235 Nightlight Red Reptile Bulb 40w,true,none,existing-image,,,skip_existing,https://fdz83n9nk6ltlfo9.public.blob.vercel-storage.com/products/458KEC2QWX03A.jpg
2da8f11f-3f78-4009-b06a-254a0b52d2fa,HKD34Y7M2Y0VR,Z236 Nightlight Red Reptile Bulb 60w,true,none,existing-image,,,skip_existing,https://fdz83n9nk6ltlfo9.public.blob.vercel-storage.com/products/HKD34Y7M2Y0VR.jpg
31cfbc4e-75b1-4a93-806d-883f1de98c15,T2RXZBXDR8Z4R,Z237 Nightlight Red Reptile Bulb 100w,true,none,existing-image,,,skip_existing,https://fdz83n9nk6ltlfo9.public.blob.vercel-storage.com/products/T2RXZBXDR8Z4R.jpg
66f2bc4d-d1d5-40ad-8a5e-fddc0c3d33c7,VJPFXQ1JY4Y44,Z237C Moonlite Reptile Bulb 60W,true,none,existing-image,,,skip_existing,https://fdz83n9nk6ltlfo9.public.blob.vercel-storage.com/products/VJPFXQ1JY4Y44.jpg
25c4a3c4-bef9-4c33-b6f5-703cc080f7dc,3RNCGYN7F1EDC,Z237D Moonlite Reptile Bulb 100W,true,none,existing-image,,,skip_existing,https://fdz83n9nk6ltlfo9.public.blob.vercel-storage.com/products/3RNCGYN7F1EDC.jpg
283b4e95-f1b0-4613-9d9b-ca2b55b529df,HYEZQWR44N1ZW,Z239 Daylight Blue Reptile Bulb 25w,true,none,existing-image,,,skip_existing,https://fdz83n9nk6ltlfo9.public.blob.vercel-storage.com/products/HYEZQWR44N1ZW.jpg
148f26b8-2b44-4a6d-b129-6fbf643ec30c,F7WCQ4WCR5WV6,Z240 Daylight Blue Reptile Bulb 40w,true,none,existing-image,,,skip_existing,https://fdz83n9nk6ltlfo9.public.blob.vercel-storage.com/products/F7WCQ4WCR5WV6.jpg
f1f07a12-45d3-4bc9-9036-52915c5d4018,3GMJ71N6CF6FP,Z241 Daylight Blue Reptile Bulb 60w,true,none,existing-image,,,skip_existing,https://fdz83n9nk6ltlfo9.public.blob.vercel-storage.com/products/3GMJ71N6CF6FP.jpg
ab40c556-2b3a-4955-bb68-b463cbe5a19d,MYV3XW4XRTT58,Z243 Daylight Blue Reptile Bulb 150w,true,none,existing-image,,,skip_existing,https://fdz83n9nk6ltlfo9.public.blob.vercel-storage.com/products/MYV3XW4XRTT58.jpg
b217cb5f-72af-4687-97d4-83c4c1e3758e,8S4CR4V0C7ZZG,Z244 Zoomed Infrared Heat Projector 60 Watt,true,none,existing-image,,,skip_existing,https://fdz83n9nk6ltlfo9.public.blob.vercel-storage.com/products/8S4CR4V0C7ZZG.jpg
dce8caa6-602d-4f92-94bf-5dba96bf66f8,XJJCAEFD0B41R,Z244A ZooMed Repticare Heat Projector 100W,true,none,existing-image,,,skip_existing,https://fdz83n9nk6ltlfo9.public.blob.vercel-storage.com/products/XJJCAEFD0B41R.jpg
e8de1704-221b-41c6-8021-5609694c9395,RDMJ0078HSRJ2,Z251H Reptisun T8 10.0 18'',true,none,existing-image,,,skip_existing,https://fdz83n9nk6ltlfo9.public.blob.vercel-storage.com/products/RDMJ0078HSRJ2.jpg
64b574ca-54d1-4c37-8a93-84e84445fdcf,5CAFGCZT67XM6,Z251R Reptisun 2.5% T5 HO 12'',true,none,existing-image,,,skip_existing,https://fdz83n9nk6ltlfo9.public.blob.vercel-storage.com/products/5CAFGCZT67XM6.jpg
312a406b-fa6a-42da-8e91-6f0b52fe4de7,4YW1D263G9X2C,Z251T Reptisun T5 HO 5.0 UVB 15W/12'',true,none,existing-image,,,skip_existing,https://fdz83n9nk6ltlfo9.public.blob.vercel-storage.com/products/4YW1D263G9X2C.jpg
640b6e21-a070-4e5a-8ae1-b4368c06efd9,2452NYVFP3XMT,Z251X Reptisun T5 HO 10.0 UVB 15W/12'',true,none,existing-image,,,skip_existing,https://fdz83n9nk6ltlfo9.public.blob.vercel-storage.com/products/2452NYVFP3XMT.jpg
acb8b5a3-d211-4e78-b096-826c654eaff1,ABC18AGKJ2TB8,"Z252T Reptisun T5 HO 5.0 UVB 24W / 22"" Lamp",true,none,existing-image,,,skip_existing,https://fdz83n9nk6ltlfo9.public.blob.vercel-storage.com/products/ABC18AGKJ2TB8.jpg
8c3d73b1-104d-4f47-8548-e6468df7f7d8,YJQ1WKYRVSCAJ,"Z252X Reptisun T5 HO 10.0 UVB 24W / 22"" Lamp",true,none,existing-image,,,skip_existing,https://fdz83n9nk6ltlfo9.public.blob.vercel-storage.com/products/YJQ1WKYRVSCAJ.jpg
4af0b8f5-c574-4127-ac9b-a519b6896328,6F42975YBBBQ4,Z253 T8 36'' Reptisun 5.0 25W,true,none,existing-image,,,skip_existing,https://fdz83n9nk6ltlfo9.public.blob.vercel-storage.com/products/6F42975YBBBQ4.jpg
8bb3350f-5a4c-47f5-9462-1afba6678aa1,4N13NVQY2DXPE,Z253T Reptisun T5 HO 5.0 UVB 39W/34'' Lamp,true,none,existing-image,,,skip_existing,https://fdz83n9nk6ltlfo9.public.blob.vercel-storage.com/products/4N13NVQY2DXPE.jpg
e412248a-c17d-4fc4-b7df-4d8072e19fdd,CXX83SYXKZ86R,Z253X Reptisun T5 HO 10.0 UVB 39W/34'' Lamp,true,none,existing-image,,,skip_existing,https://fdz83n9nk6ltlfo9.public.blob.vercel-storage.com/products/CXX83SYXKZ86R.jpg
48a71e57-df47-4ec4-b645-f7842b4329cc,CARQ9KRZYWA3C,"Z254T Reptisun  T5 HO 5.0 UVB 54W/46"" Lamp",true,none,existing-image,,,skip_existing,https://fdz83n9nk6ltlfo9.public.blob.vercel-storage.com/products/CARQ9KRZYWA3C.jpg
6cd2b2cd-1d95-42a5-ad33-db08fb59b858,6WR56FFJEKN9J,Z254X Reptisun T5 Ho 10.0 UVB 54W/46'' Lamp,true,none,existing-image,,,skip_existing,https://fdz83n9nk6ltlfo9.public.blob.vercel-storage.com/products/6WR56FFJEKN9J.jpg
58f72429-c801-4458-bd23-cdd05e5bccb2,WGK0NKE2B0XH6,Z260 Repti Basking Spot Lamp 50W,true,none,existing-image,,,skip_existing,https://fdz83n9nk6ltlfo9.public.blob.vercel-storage.com/products/WGK0NKE2B0XH6.jpg
02d9b8d5-4893-45da-a80a-8a3a1e6236f0,1XNK9QFS6Y3QR,Z260S Repti Basking Spot Lamp 50W (2pack),true,none,existing-image,,,skip_existing,https://fdz83n9nk6ltlfo9.public.blob.vercel-storage.com/products/1XNK9QFS6Y3QR.jpg
3d6b5594-7972-444c-891e-9f6632dd6f4c,M6YQ9JB09YAKW,Z261 Repti Basking Spot 75w,true,none,existing-image,,,skip_existing,https://fdz83n9nk6ltlfo9.public.blob.vercel-storage.com/products/M6YQ9JB09YAKW.jpg
eb044b1c-9124-4a00-b885-6b69afbf72a9,DKZ3AB369G6RY,Z261S Repti Basking Spot Lamp 75w (2pack),true,none,existing-image,,,skip_existing,https://fdz83n9nk6ltlfo9.public.blob.vercel-storage.com/products/DKZ3AB369G6RY.jpg
067dee42-a8db-40c2-bcac-0e74f32bd283,4B8XA36NXZQAR,Z262 Zoomed Repti Basking Spot Lamp 100W,true,none,existing-image,,,skip_existing,https://fdz83n9nk6ltlfo9.public.blob.vercel-storage.com/products/4B8XA36NXZQAR.jpg
8d733a60-ad5a-4c1c-894a-99a469a0aa56,B5J9MM3AHDWMW,Z262S Repti Basking Spot Lamp 100w,true,none,existing-image,,,skip_existing,https://fdz83n9nk6ltlfo9.public.blob.vercel-storage.com/products/B5J9MM3AHDWMW.jpg
8819a8c9-f9ab-49ce-bed1-3ab624478089,NJ5QCYMP4DFAC,Z263 Zoomed Repti Basking Spot Lamp 150W,true,none,existing-image,,,skip_existing,https://fdz83n9nk6ltlfo9.public.blob.vercel-storage.com/products/NJ5QCYMP4DFAC.jpg
653b030c-7d2c-49f0-a6be-3a76b3c94b07,9BV6FHZ6B76J4,Z264 Repti Basking Spot 250w,true,none,existing-image,,,skip_existing,https://fdz83n9nk6ltlfo9.public.blob.vercel-storage.com/products/9BV6FHZ6B76J4.jpg
264faa07-0158-47d3-b7d2-57062ae6e321,7S3APFMMB0JDP,Z265 Nocturnal Infrared Heat Lamp 50w,true,none,existing-image,,,skip_existing,https://fdz83n9nk6ltlfo9.public.blob.vercel-storage.com/products/7S3APFMMB0JDP.jpg
0be9696c-3b86-4092-8147-0ca82a05ae6c,CP0HNSKH1CAB8,Z266 Nocturnal Infrared Heat Lamp 75W,true,none,existing-image,,,skip_existing,https://fdz83n9nk6ltlfo9.public.blob.vercel-storage.com/products/CP0HNSKH1CAB8.jpg
bbfa3785-8643-496b-9a4c-c37eb9e22fbe,MCJNS86A2AZ3R,Z267 Nocturnal Infrared Heat Lamp 100w,true,none,existing-image,,,skip_existing,https://fdz83n9nk6ltlfo9.public.blob.vercel-storage.com/products/MCJNS86A2AZ3R.jpg
6437a8ba-c16a-4188-bd59-e2d6b090d2b7,5B1W3DECXDJCE,Z268 Nocturnal Infrared Heat Lamp 150w,true,none,existing-image,,,skip_existing,https://fdz83n9nk6ltlfo9.public.blob.vercel-storage.com/products/5B1W3DECXDJCE.jpg
d970a9f9-809a-47c5-9b9e-afba24d7f377,EYVJBHS1ZZWT4,Z269 Nocturnal Infrared Heat Lamp 250w,true,none,existing-image,,,skip_existing,https://fdz83n9nk6ltlfo9.public.blob.vercel-storage.com/products/EYVJBHS1ZZWT4.jpg
f78421df-92b0-4f7f-9fb3-74cff89605ad,3HEZW9XQTFC0A,Z275 Nat. Flora Reptivine,true,none,existing-image,,,skip_existing,https://fdz83n9nk6ltlfo9.public.blob.vercel-storage.com/products/3HEZW9XQTFC0A.jpg
7c3fabe5-c9b0-40ba-a885-1929a97dbcae,SF435CF8P0K82,Z275A Nat. Flora Fireball Bromeliad,true,none,existing-image,,,skip_existing,https://fdz83n9nk6ltlfo9.public.blob.vercel-storage.com/products/SF435CF8P0K82.jpg
0b6dcbdd-3b8a-4799-a31f-a748fec9fe20,6WBCTPY5ZRX4W,Z275B Nat. Flora Chestnut Bromeliad,true,none,existing-image,,,skip_existing,https://fdz83n9nk6ltlfo9.public.blob.vercel-storage.com/products/6WBCTPY5ZRX4W.jpg
517771e5-bf2a-49aa-9216-d2d652807534,1TAPQ6G86YR7R,Z275C  Nat. Flora Lace Fern,true,none,existing-image,,,skip_existing,https://fdz83n9nk6ltlfo9.public.blob.vercel-storage.com/products/1TAPQ6G86YR7R.jpg
ad8a9011-741a-4f99-b082-8a9f4ca9d517,D7KD7A8GK7MGR,Z275D  Nat. Flora Sword Fern,true,none,existing-image,,,skip_existing,https://fdz83n9nk6ltlfo9.public.blob.vercel-storage.com/products/D7KD7A8GK7MGR.jpg
57f8aacd-53b2-45c7-9ad3-5e969b5b5941,T6JNPEBXTBJFM,Z275E Nat. Flora Tillandsia Air Plant,true,none,existing-image,,,skip_existing,https://fdz83n9nk6ltlfo9.public.blob.vercel-storage.com/products/T6JNPEBXTBJFM.jpg
df542a24-cbe8-4ae2-b333-198f7210262d,40TM012EA40TG,Z275F  Nat. Flora Staghorn Fern,true,none,existing-image,,,skip_existing,https://fdz83n9nk6ltlfo9.public.blob.vercel-storage.com/products/40TM012EA40TG.jpg
0bda0259-b334-44d3-9ab2-788af290f171,H3NT18A83CRB8,Z278 Silver Mullein,true,none,existing-image,,,skip_existing,https://fdz83n9nk6ltlfo9.public.blob.vercel-storage.com/products/H3NT18A83CRB8.jpg
04d2bdb2-7824-49aa-9c41-7a75b7606433,BFHV2Z255Y8S6,Z278A Euphorbia,true,none,existing-image,,,skip_existing,https://fdz83n9nk6ltlfo9.public.blob.vercel-storage.com/products/BFHV2Z255Y8S6.jpg
e14bfa4e-2aef-41d0-aa28-70121c147e43,81YH5CQAQSTPT,Z278B  Green Aloe,false,high,zlookup:Z278B,BU-73_097612180732_Naturalistic-Desert-Plants_Green-Aloe_1.jpg,Plants jpg/BU-73_097612180732_Naturalistic-Desert-Plants_Green-Aloe_1.jpg,uploaded,https://fdz83n9nk6ltlfo9.public.blob.vercel-storage.com/products/81YH5CQAQSTPT.jpg
c2d6e8f0-3818-4dc1-9754-2538850bc86c,TKRASRVYSJ93A,Z278C Red Leaf Stonecrop,true,none,existing-image,,,skip_existing,https://fdz83n9nk6ltlfo9.public.blob.vercel-storage.com/products/TKRASRVYSJ93A.jpg
6150303b-1384-4de9-b0c8-426327e5bb7f,RDRCQ7RTF1G7M,Z278D Burro's Tail,true,none,existing-image,,,skip_existing,https://fdz83n9nk6ltlfo9.public.blob.vercel-storage.com/products/RDRCQ7RTF1G7M.jpg
e03eab00-93ba-4d8a-b6de-9dd229cd662f,ZJ7QGABKXRSNA,Z278E Tree Houseleek,true,none,existing-image,,,skip_existing,https://fdz83n9nk6ltlfo9.public.blob.vercel-storage.com/products/ZJ7QGABKXRSNA.jpg
8b368492-df73-4cd2-ab35-dc72389bc0cc,4RWR8QBAW4AR8,Z281 Nano Dome Lamp Fixture,true,none,existing-image,,,skip_existing,https://fdz83n9nk6ltlfo9.public.blob.vercel-storage.com/products/4RWR8QBAW4AR8.jpg
0589925c-8d4e-4433-8950-e2ecf1b13e9c,GNVRWZX86EFET,Z282 ZooMed Nano Combo Dome Lamp Fixture,true,none,existing-image,,,skip_existing,https://fdz83n9nk6ltlfo9.public.blob.vercel-storage.com/products/GNVRWZX86EFET.jpg
37d84c03-a8bc-49a5-bd93-fe08397b2a2f,4GZ85CET60AAA,Z282A ZooMed Nano Combo Dome Hold Down Kit,false,high,zlookup:Z282A,LF-35C_Hold-Down.jpg,Hoods & Screen Covers jpg/LF-35C_Hold-Down.jpg,uploaded,https://fdz83n9nk6ltlfo9.public.blob.vercel-storage.com/products/4GZ85CET60AAA.jpg
2da1d947-3a7e-4fd0-917d-31664c495b54,XXP8TQBBA7DK4,Z283 Nano Basking Lamp 25w,true,none,existing-image,,,skip_existing,https://fdz83n9nk6ltlfo9.public.blob.vercel-storage.com/products/XXP8TQBBA7DK4.jpg
64d6cbe6-fd18-4424-9e71-35a7c1c110f2,9WYTS1ZVY8CZT,Z283A Nano Basking Spot Lamp 40W,true,none,existing-image,,,skip_existing,https://fdz83n9nk6ltlfo9.public.blob.vercel-storage.com/products/9WYTS1ZVY8CZT.jpg
112c7de0-aad0-49e3-81dc-7b13dd33f35f,BGPDA1VW07TCR,Z285 Nano LED 5W,true,none,existing-image,,,skip_existing,https://fdz83n9nk6ltlfo9.public.blob.vercel-storage.com/products/BGPDA1VW07TCR.jpg
e96e4a0d-531f-4955-9e7a-250cc3ec1072,01QVZK58YYC3W,Z286 Nano Halogen Heat Lamp 35W,true,none,existing-image,,,skip_existing,https://fdz83n9nk6ltlfo9.public.blob.vercel-storage.com/products/01QVZK58YYC3W.jpg
e4af60d5-36cd-4963-85f1-9e78a0ad3ffd,WEGHWS1Y0861Y,Z287A Nano ceramic heat emitter 40W,true,none,existing-image,,,skip_existing,https://fdz83n9nk6ltlfo9.public.blob.vercel-storage.com/products/WEGHWS1Y0861Y.jpg
2ee5287b-1583-4166-b0f5-ac65e9cd38cf,0HXVX7G47DTVE,Z288 Nano Reptisun UVB 5W,true,none,existing-image,,,skip_existing,https://fdz83n9nk6ltlfo9.public.blob.vercel-storage.com/products/0HXVX7G47DTVE.jpg
c591aaf3-cfb9-4427-bba7-3e47f48e2eff,G0JEDSFG57VFM,Z289 Zoomed Terra Effects Model 2 (nano led w/sound),true,none,existing-image,,,skip_existing,https://fdz83n9nk6ltlfo9.public.blob.vercel-storage.com/products/G0JEDSFG57VFM.jpg
3314e85f-abe8-44fa-8266-ee50d14f8943,EAPVJ84198KR2,Z290L,false,high,zlookup:Z290L,BU-10-097612180107-MexPhyllo-pkg.jpg,Plants jpg/BU-10-097612180107-MexPhyllo-pkg.jpg,uploaded,https://fdz83n9nk6ltlfo9.public.blob.vercel-storage.com/products/EAPVJ84198KR2.jpg
3279892b-e29a-4b17-aa9b-9228d2e36a97,QE0EVP1PEQFEW,Z290S Zoomed Plante De Plastique Mexican Phyllo Small,true,none,existing-image,,,skip_existing,https://fdz83n9nk6ltlfo9.public.blob.vercel-storage.com/products/QE0EVP1PEQFEW.jpg
b93fc25b-b0ec-484a-8d7c-ce45c792716b,6TTHFEZ99XYZP,Z291L,false,high,zlookup:Z291L,BU-12-097612180121-Sm-Congo-Ivy.jpg,Plants jpg/BU-12-097612180121-Sm-Congo-Ivy.jpg,uploaded,https://fdz83n9nk6ltlfo9.public.blob.vercel-storage.com/products/6TTHFEZ99XYZP.jpg
035b9641-ac6d-4e1c-aff5-80e892a0166d,FKTJ2PAFQ8W2R,Z291S,false,high,zlookup:Z291S,BU-12-097612180121-Sm-Congo-Ivy.jpg,Plants jpg/BU-12-097612180121-Sm-Congo-Ivy.jpg,uploaded,https://fdz83n9nk6ltlfo9.public.blob.vercel-storage.com/products/FKTJ2PAFQ8W2R.jpg
a677437c-037b-4f53-b429-01fd9ee30d4b,PMFNVRG49M4WA,Z292L,false,high,zlookup:Z292L,BU-13-097612180138-Malaysian-Fern pkg.jpg,Plants jpg/BU-13-097612180138-Malaysian-Fern pkg.jpg,uploaded,https://fdz83n9nk6ltlfo9.public.blob.vercel-storage.com/products/PMFNVRG49M4WA.jpg
59a8c22f-54fb-41bf-ae78-fee77378278c,KGQ9G4BYD5MNW,Z292S,false,high,zlookup:Z292S,BU-13-097612180138-Malaysian-Fern pkg.jpg,Plants jpg/BU-13-097612180138-Malaysian-Fern pkg.jpg,uploaded,https://fdz83n9nk6ltlfo9.public.blob.vercel-storage.com/products/KGQ9G4BYD5MNW.jpg
c25a3ef8-d77f-4301-ac15-6d7dd0d81a19,EVSW30ZT43JK6,Z293M,false,high,zlookup:Z293M,BU-15-097612180152-Bolivian-Croton pkg.jpg,Plants jpg/BU-15-097612180152-Bolivian-Croton pkg.jpg,uploaded,https://fdz83n9nk6ltlfo9.public.blob.vercel-storage.com/products/EVSW30ZT43JK6.jpg
9b5c6b1c-3bc3-4dc2-a85d-92eced0225dd,PW4T6AC200P7M,Z293S,false,high,zlookup:Z293S,BU-15-097612180152-Bolivian-Croton pkg.jpg,Plants jpg/BU-15-097612180152-Bolivian-Croton pkg.jpg,uploaded,https://fdz83n9nk6ltlfo9.public.blob.vercel-storage.com/products/PW4T6AC200P7M.jpg
e8cdc184-4cb8-40e0-b7ec-5d76fbeb8225,759YZXERMF6EE,Z294L,false,high,zlookup:Z294L,BU-18-097612180183-Sm-Cashuarina.jpg,Plants jpg/BU-18-097612180183-Sm-Cashuarina.jpg,uploaded,https://fdz83n9nk6ltlfo9.public.blob.vercel-storage.com/products/759YZXERMF6EE.jpg
e3e5696b-a31a-4c0c-a82b-c05f4ac8cc2a,3KTXJ92TMC90P,Z294S,false,high,zlookup:Z294S,BU-18-097612180183-Sm-Cashuarina.jpg,Plants jpg/BU-18-097612180183-Sm-Cashuarina.jpg,uploaded,https://fdz83n9nk6ltlfo9.public.blob.vercel-storage.com/products/3KTXJ92TMC90P.jpg
b7cf563d-6733-423f-98db-3240000bb086,29REE459BNQTE,Z295L Zoomed Plante Plastique Bolivian Croton Lg,true,none,existing-image,,,skip_existing,https://fdz83n9nk6ltlfo9.public.blob.vercel-storage.com/products/29REE459BNQTE.jpg
1ae70ca2-6081-405e-aed2-e4c69c89b4c9,3XYEDA1JQ93TP,Z295M,false,high,zlookup:Z295M,BU-15-097612180152-Bolivian-Croton pkg.jpg,Plants jpg/BU-15-097612180152-Bolivian-Croton pkg.jpg,uploaded,https://fdz83n9nk6ltlfo9.public.blob.vercel-storage.com/products/3XYEDA1JQ93TP.jpg
d0dfde67-967c-4151-acd6-6d20f39963ab,VVMH5M1E47YBT,Z295S,false,high,zlookup:Z295S,BU-15-097612180152-Bolivian-Croton pkg.jpg,Plants jpg/BU-15-097612180152-Bolivian-Croton pkg.jpg,uploaded,https://fdz83n9nk6ltlfo9.public.blob.vercel-storage.com/products/VVMH5M1E47YBT.jpg
4032cc11-a436-4c9a-855f-047a5e95d7e9,Y6538A49VDT0A,Z296L,false,high,zlookup:Z296L,BU-15-097612180152-Bolivian-Croton pkg.jpg,Plants jpg/BU-15-097612180152-Bolivian-Croton pkg.jpg,uploaded,https://fdz83n9nk6ltlfo9.public.blob.vercel-storage.com/products/Y6538A49VDT0A.jpg
5bf97783-2361-41d9-8a3b-9fea28ab99fb,RHMTWHKFXD3K4,Z296M,false,high,zlookup:Z296M,BU-35-097612180350-Bolivian-Croton.jpg,Plants jpg/BU-35-097612180350-Bolivian-Croton.jpg,uploaded,https://fdz83n9nk6ltlfo9.public.blob.vercel-storage.com/products/RHMTWHKFXD3K4.jpg
37a68e9e-85c9-4280-a16e-6984dd9fba9c,SPGV53T6XNFYW,Z296S,false,high,zlookup:Z296S,BU-26-097612180268-Med-Canabis.jpg,Plants jpg/BU-26-097612180268-Med-Canabis.jpg,uploaded,https://fdz83n9nk6ltlfo9.public.blob.vercel-storage.com/products/SPGV53T6XNFYW.jpg
affa73a1-4353-491c-ac2e-2f5988218d72,ZGXSYM1GVS8JT,Z297L Plastic Plant Borneo Star Large,true,none,existing-image,,,skip_existing,https://fdz83n9nk6ltlfo9.public.blob.vercel-storage.com/products/ZGXSYM1GVS8JT.jpg
be8357e2-e391-49bc-b3d1-ca5f0283f341,6ZSW1PYAEY0XW,Z297S,false,high,zlookup:Z297S,BU-18-097612180183-Sm-Cashuarina.jpg,Plants jpg/BU-18-097612180183-Sm-Cashuarina.jpg,uploaded,https://fdz83n9nk6ltlfo9.public.blob.vercel-storage.com/products/6ZSW1PYAEY0XW.jpg
6981a38c-92bb-429f-b8b0-1f9a6ab6aca0,V4K22Q6NX6TQ6,Z298L,false,high,zlookup:Z298L,BU-38-097612180381-lrg-Cashuarina.jpg,Plants jpg/BU-38-097612180381-lrg-Cashuarina.jpg,uploaded,https://fdz83n9nk6ltlfo9.public.blob.vercel-storage.com/products/V4K22Q6NX6TQ6.jpg
1a5a4850-5694-447a-975a-fdd0728199e9,6V3F5JXWXECNW,Z298M,false,high,zlookup:Z298M,BU-38-097612180381-lrg-Cashuarina.jpg,Plants jpg/BU-38-097612180381-lrg-Cashuarina.jpg,uploaded,https://fdz83n9nk6ltlfo9.public.blob.vercel-storage.com/products/6V3F5JXWXECNW.jpg
b689b4c7-22b7-409a-a598-ddd64ed0ac6e,SFAQW98BRQNRC,Z298S Plastic Plant Cashuarina Small,true,none,existing-image,,,skip_existing,https://fdz83n9nk6ltlfo9.public.blob.vercel-storage.com/products/SFAQW98BRQNRC.jpg
e0cab114-a5ac-439f-875f-e0ea3121dd24,9N0GHCRHAX5N6,Z299S,false,high,zlookup:Z299S,BU-18-097612180183-Sm-Cashuarina.jpg,Plants jpg/BU-18-097612180183-Sm-Cashuarina.jpg,uploaded,https://fdz83n9nk6ltlfo9.public.blob.vercel-storage.com/products/9N0GHCRHAX5N6.jpg
3369f770-d721-499b-b98a-11cb8474756f,83H66EM732CBC,Z313 Arboreal Feeding Platform,true,none,existing-image,,,skip_existing,https://fdz83n9nk6ltlfo9.public.blob.vercel-storage.com/products/83H66EM732CBC.jpg
cff72470-ff45-4d5e-804d-74638b458f9a,CPJKT2F7B39DT,Z313A Arboreal Feeding Cup,true,none,existing-image,,,skip_existing,https://fdz83n9nk6ltlfo9.public.blob.vercel-storage.com/products/CPJKT2F7B39DT.jpg
eb0f9d3b-8cfe-497a-99f3-ba4608889349,MXT7CZP9TW0SA,Z313B Refill Cups for Arboreal Feeding (12),true,none,existing-image,,,skip_existing,https://fdz83n9nk6ltlfo9.public.blob.vercel-storage.com/products/MXT7CZP9TW0SA.jpg
99b6a1b4-8831-4983-b611-958c31131c25,KFMMDJGP4Q5DY,Z315,false,high,zlookup:Z315,Hammock-&-Ladder.jpg,Cage Furniture jpg/Hammock-&-Ladder.jpg,uploaded,https://fdz83n9nk6ltlfo9.public.blob.vercel-storage.com/products/KFMMDJGP4Q5DY.jpg
9a68238b-cf0e-49c0-bc87-8753cab6cd02,WFR33APH0VKHR,Z316,false,high,zlookup:Z316,Hammock-&-Ladder.jpg,Cage Furniture jpg/Hammock-&-Ladder.jpg,uploaded,https://fdz83n9nk6ltlfo9.public.blob.vercel-storage.com/products/WFR33APH0VKHR.jpg
05cd519c-ed17-4c4f-ab51-0f087e41259e,XTX29QA53WMDJ,Z316G Repti Hammock,true,none,existing-image,,,skip_existing,https://fdz83n9nk6ltlfo9.public.blob.vercel-storage.com/products/XTX29QA53WMDJ.jpg
dc77abed-781a-4e3a-a107-be078d14502a,S842DGXJG7B3E,Z317 Repti Hammock,true,none,existing-image,,,skip_existing,https://fdz83n9nk6ltlfo9.public.blob.vercel-storage.com/products/S842DGXJG7B3E.jpg
987c7699-ef33-422c-962b-89e59b7c16a4,VF7Y917CJ8QCW,Z325 Zoomed Habba Hut (small),true,none,existing-image,,,skip_existing,https://fdz83n9nk6ltlfo9.public.blob.vercel-storage.com/products/VF7Y917CJ8QCW.jpg
2eff5910-2017-4602-add5-b0fba1d92194,9KSJBPSYN93YT,Z326  Zoomed Habba Hut Medium,true,none,existing-image,,,skip_existing,https://fdz83n9nk6ltlfo9.public.blob.vercel-storage.com/products/9KSJBPSYN93YT.jpg
b42fd293-c3fb-4c5b-a2ff-a42cf5bf58ef,K1PY7FZSTDSGP,Z327 Zoomed Habba Hut Large,true,none,existing-image,,,skip_existing,https://fdz83n9nk6ltlfo9.public.blob.vercel-storage.com/products/K1PY7FZSTDSGP.jpg
669098cb-610b-407b-a869-10b606f7ab80,EK7J28XED33CM,Z328 Zoomed Habba Hut X-Large,true,none,existing-image,,,skip_existing,https://fdz83n9nk6ltlfo9.public.blob.vercel-storage.com/products/EK7J28XED33CM.jpg
a8e3c921-da6f-4436-ab1b-02c1ae6051c1,K4NFZC5M3JPRR,Z329,false,high,zlookup:Z329,BP-40_Betta_Kit_OL.jpg,Betta Items jpg/BP-40_Betta_Kit_OL.jpg,uploaded,https://fdz83n9nk6ltlfo9.public.blob.vercel-storage.com/products/K4NFZC5M3JPRR.jpg
72b2f413-972e-4458-a37f-bf5217594240,2SJPTD5FMY2TJ,Z384 Frog Moss 80cu,true,none,existing-image,,,skip_existing,https://fdz83n9nk6ltlfo9.public.blob.vercel-storage.com/products/2SJPTD5FMY2TJ.jpg
f0d331be-1e36-4228-be50-054f13e9bc56,92078NGP6Q5BP,Z385 New Zealand Sphgnum moss L 175cu,true,none,existing-image,,,skip_existing,https://fdz83n9nk6ltlfo9.public.blob.vercel-storage.com/products/92078NGP6Q5BP.jpg
1a8fe3f0-d2b4-4d88-a4be-2d5d7147f50a,AP6BKAFDPB3HJ,Z385A New Zealand Sphgnum moss 80cu,true,none,existing-image,,,skip_existing,https://fdz83n9nk6ltlfo9.public.blob.vercel-storage.com/products/AP6BKAFDPB3HJ.jpg
125a5ecd-f2ee-4741-90ae-86d24090c4b6,2YNXMK7KW5QY2,Z467 Betta Food 4.5g,true,none,existing-image,,,skip_existing,https://fdz83n9nk6ltlfo9.public.blob.vercel-storage.com/products/2YNXMK7KW5QY2.jpg
5b49ac9c-eb11-4212-a78b-a9a12390bf07,Q95DV7FYX341C,Z548 Zoomed Cricket Calcium & Gutload Block,true,none,existing-image,,,skip_existing,https://fdz83n9nk6ltlfo9.public.blob.vercel-storage.com/products/Q95DV7FYX341C.jpg
80677fe0-4b88-43c8-8e9c-e98322a63cf6,G741B7AKQTHC2,Z551 ZooMed Reptisafe Water Cond. 4.25oz,true,none,existing-image,,,skip_existing,https://fdz83n9nk6ltlfo9.public.blob.vercel-storage.com/products/G741B7AKQTHC2.jpg
063f2452-7dbb-4f4e-be2c-f56bbb8322db,6DSCY15QPVMV2,Z552 ZooMed Reptisafe Water Cond. 8.75,true,none,existing-image,,,skip_existing,https://fdz83n9nk6ltlfo9.public.blob.vercel-storage.com/products/6DSCY15QPVMV2.jpg
1df23fb2-dfe9-4f1b-b01a-8aa0dfd30b23,VHFPJ32S699HE,Z558 Reptile Electrolyte Soak 8oz.,true,none,existing-image,,,skip_existing,https://fdz83n9nk6ltlfo9.public.blob.vercel-storage.com/products/VHFPJ32S699HE.jpg
566fb523-c98b-4ae4-8558-d2ca8bfa3a88,33SR7EF4427RJ,Z559 Reptile Electrolyte Soak 16oz.,true,none,existing-image,,,skip_existing,https://fdz83n9nk6ltlfo9.public.blob.vercel-storage.com/products/33SR7EF4427RJ.jpg
53c5a63e-079a-4abc-8773-480fd6758e02,GM8J2MTARYJ4T,Z561 Reptivite With D3 2oz,true,none,existing-image,,,skip_existing,https://fdz83n9nk6ltlfo9.public.blob.vercel-storage.com/products/GM8J2MTARYJ4T.jpg
fa461ef1-9be3-4eb3-9ab9-af63ff5f8127,4Q830T4SMBPJ8,Z565,false,high,zlookup:Z565,A33-12-097612133127-RepCalcium-noD.jpg,Medication & Cleaners jpg/A33-12-097612133127-RepCalcium-noD.jpg,uploaded,https://fdz83n9nk6ltlfo9.public.blob.vercel-storage.com/products/4Q830T4SMBPJ8.jpg
82b192b9-a657-45be-b403-3d9ad83c5c5e,PZN0F2H6WGBJJ,Z566 Repti Turtle Eye Drops,true,none,existing-image,,,skip_existing,https://fdz83n9nk6ltlfo9.public.blob.vercel-storage.com/products/PZN0F2H6WGBJJ.jpg
8e86aba4-a8d4-4d52-ada2-e0c65794bcd8,5WRMXQ3WEP2RY,Z567 Repti Shedding Aid 2.25oz,true,none,existing-image,,,skip_existing,https://fdz83n9nk6ltlfo9.public.blob.vercel-storage.com/products/5WRMXQ3WEP2RY.jpg
171db165-074d-44c7-b85b-574f07d0ec5b,ZJTMKDYGZGVRG,Z570,false,high,zlookup:Z570,A34-12-097612134124-RepCalciumD.jpg,Medication & Cleaners jpg/A34-12-097612134124-RepCalciumD.jpg,uploaded,https://fdz83n9nk6ltlfo9.public.blob.vercel-storage.com/products/ZJTMKDYGZGVRG.jpg
c63ff00b-eb77-4a72-86fe-bb900616cd5a,D5T7RKQCXJS50,Z575 Wipe Out Glass Cleaner 16oz,true,none,existing-image,,,skip_existing,https://fdz83n9nk6ltlfo9.public.blob.vercel-storage.com/products/D5T7RKQCXJS50.jpg
c257d698-9394-46e2-a434-d5f0686676c6,2RY2SV0CZEEN2,Z576 Wipe Out #1 (4.25 oz),true,none,existing-image,,,skip_existing,https://fdz83n9nk6ltlfo9.public.blob.vercel-storage.com/products/2RY2SV0CZEEN2.jpg
bf380aad-4eaf-41d5-979e-8032c4b0a881,G12SS3V512G50,Z577 Wipe Out #1 (8.75 oz),true,none,existing-image,,,skip_existing,https://fdz83n9nk6ltlfo9.public.blob.vercel-storage.com/products/G12SS3V512G50.jpg
f57e4e5d-3e97-4943-8f9a-3ea1c561d7e7,FX2ESNV648ZZT,Z578 Zoomed Wipe Out 1  32oz,true,none,existing-image,,,skip_existing,https://fdz83n9nk6ltlfo9.public.blob.vercel-storage.com/products/FX2ESNV648ZZT.jpg
c0ff2928-5569-41d1-9508-32e6fb0ff8b1,GB642GQXXEHFW,Z591 Repti Calcium Without D3 3oz,true,none,existing-image,,,skip_existing,https://fdz83n9nk6ltlfo9.public.blob.vercel-storage.com/products/GB642GQXXEHFW.jpg
478a8db4-94e1-450c-b8a1-80a3e0592de8,T54NT5Y0VXT3W,Z592 Repti Calcium Without D3 8oz,true,none,existing-image,,,skip_existing,https://fdz83n9nk6ltlfo9.public.blob.vercel-storage.com/products/T54NT5Y0VXT3W.jpg
dd5a6b95-cefa-4c5e-a4ab-0bc6ad3a8d28,JT05430H0XTRY,Z596 Zoomed Repticalcium With D3,true,none,existing-image,,,skip_existing,https://fdz83n9nk6ltlfo9.public.blob.vercel-storage.com/products/JT05430H0XTRY.jpg
3328faa2-8c42-4b32-8ddb-35da248511fb,ZFFVCQSXCM3YY,Z597 Repticalcium With D3 8oz,true,none,existing-image,,,skip_existing,https://fdz83n9nk6ltlfo9.public.blob.vercel-storage.com/products/ZFFVCQSXCM3YY.jpg
1817bae6-6e82-444f-84a5-54d4900e4bad,8QFXYTV9TPP82,"Z600 Reptitherm Habitat Heater 18"" x 18""",true,none,existing-image,,,skip_existing,https://fdz83n9nk6ltlfo9.public.blob.vercel-storage.com/products/8QFXYTV9TPP82.jpg
2198ab33-3720-40f5-867f-320ecb568592,VTP7MJQ79ZB0R,Z602 Zoomed Tortoise House 24 x 36 x 12,true,none,existing-image,,,skip_existing,https://fdz83n9nk6ltlfo9.public.blob.vercel-storage.com/products/VTP7MJQ79ZB0R.jpg
f891150f-be67-4b45-900c-76963b830ca6,FATC5JD1S4NJW,"Z603 Aquatic Turtle Tub 39"" X 21"" X  16""",true,none,existing-image,,,skip_existing,https://fdz83n9nk6ltlfo9.public.blob.vercel-storage.com/products/FATC5JD1S4NJW.jpg
4fce2c4b-bfc4-4379-8833-93459ccce732,PXNAFA43RG7PG,Z604 Aquatic Turtle Habitat Kit,true,none,existing-image,,,skip_existing,https://fdz83n9nk6ltlfo9.public.blob.vercel-storage.com/products/PXNAFA43RG7PG.jpg
6bda3f26-a8a3-4520-b3dd-0f8caa7e6549,5RV872R9ACK0T,Z609 Reptisun 10.0 T5 Ho Terrarium Hood 14'',true,none,existing-image,,,skip_existing,https://fdz83n9nk6ltlfo9.public.blob.vercel-storage.com/products/5RV872R9ACK0T.jpg
fa493172-d2a8-4b70-8480-42a8250ca554,CQY9EJST154MW,Z610 Reptisun 10.0 T5 Ho Terrarium Hood 24'',true,none,existing-image,,,skip_existing,https://fdz83n9nk6ltlfo9.public.blob.vercel-storage.com/products/CQY9EJST154MW.jpg
a3cefe35-0cbe-4ecd-ab8e-6bc6e43dea45,ZR78EK2J12D2G,Z612 Reptisun 10.0 T5 HO Terrarium Hood 36'',true,none,existing-image,,,skip_existing,https://fdz83n9nk6ltlfo9.public.blob.vercel-storage.com/products/ZR78EK2J12D2G.jpg
8401088c-02e8-4d2c-b47e-c8b211889fa3,RJXAQ6A90CRRY,Z613 Reptisun 10.0 T5 Ho Terrarium Hood 48'',true,none,existing-image,,,skip_existing,https://fdz83n9nk6ltlfo9.public.blob.vercel-storage.com/products/RJXAQ6A90CRRY.jpg
2001a285-3293-482c-8e68-7db961ac5202,9KEA0WHMB9W6J,Z619 Reptisun T5 HO Terrarium Hood 14'',true,none,existing-image,,,skip_existing,https://fdz83n9nk6ltlfo9.public.blob.vercel-storage.com/products/9KEA0WHMB9W6J.jpg
8634bfc1-5b6b-4cba-afd6-4aedd3a5f588,TCNQZWY9G8KGW,Z620 Reptisun T5 Ho Terrarium Hood 24'',true,none,existing-image,,,skip_existing,https://fdz83n9nk6ltlfo9.public.blob.vercel-storage.com/products/TCNQZWY9G8KGW.jpg
388137c3-b261-49b7-926c-53320155566f,FTTN8E2TV435T,Z622 Reptisun 5.0 T5 HO Terrarium Hood 36'',true,none,existing-image,,,skip_existing,https://fdz83n9nk6ltlfo9.public.blob.vercel-storage.com/products/FTTN8E2TV435T.jpg
90762dba-ce99-4671-ab8d-12aab49b0c2e,5BW780WGPEPWT,Z623 Reptisun 5.0 T5 Ho Terrarium Hood 48'',true,none,existing-image,,,skip_existing,https://fdz83n9nk6ltlfo9.public.blob.vercel-storage.com/products/5BW780WGPEPWT.jpg
aa0ef494-3d18-4625-98f8-6b84d21219c8,Z6PCV790KG1E8,Z682 Zoomed Lizard Flower Food Topper 0.21oz,true,none,existing-image,,,skip_existing,https://fdz83n9nk6ltlfo9.public.blob.vercel-storage.com/products/Z6PCV790KG1E8.jpg
08c44e76-508f-47a6-a87b-9748ec22327e,2AYGQ988VXAXY,Z693 Gourmet Bearded Dragon Food 8.25oz,true,none,existing-image,,,skip_existing,https://fdz83n9nk6ltlfo9.public.blob.vercel-storage.com/products/2AYGQ988VXAXY.jpg
9cf3332c-9d11-42be-9a86-24842606d78f,8RHRY8WB4ZYB2,Z700 Aquatic Turtle Banquet Block 0.5oz,true,none,existing-image,,,skip_existing,https://fdz83n9nk6ltlfo9.public.blob.vercel-storage.com/products/8RHRY8WB4ZYB2.jpg
37c26559-e227-469a-882d-1e7863da4c65,BW505MD6WNRN2,Z700A Aquatic Turtle Banquet Block 1.4oz,true,none,existing-image,,,skip_existing,https://fdz83n9nk6ltlfo9.public.blob.vercel-storage.com/products/BW505MD6WNRN2.jpg
c2666370-911e-47ba-b982-84fa9c13ad48,42S41T38NQH5J,Z703 ZooMed Aqua. Turtle Growth Food 13oz,true,none,existing-image,,,skip_existing,https://fdz83n9nk6ltlfo9.public.blob.vercel-storage.com/products/42S41T38NQH5J.jpg
5d03dbde-fe36-4390-8926-5f7b6079abb9,EKD9XEE32QDW6,Z704 Natural Aquatic Turtle Food - Growth Formula 30oz,true,none,existing-image,,,skip_existing,https://fdz83n9nk6ltlfo9.public.blob.vercel-storage.com/products/EKD9XEE32QDW6.jpg
99248438-c313-472f-94b8-8db3eeb61d52,XRM78YPFQBXAE,Z706 Zoomed Aquatic Turtle Hatchling Food 1.6 oz,true,none,existing-image,,,skip_existing,https://fdz83n9nk6ltlfo9.public.blob.vercel-storage.com/products/XRM78YPFQBXAE.jpg
6e2a2eb8-1db2-4d79-97ac-fc61fdb1ffd5,KCXYJKBT7P776,Z707  Aq. Turtle Hatchling Food 7.5oz,true,none,existing-image,,,skip_existing,https://fdz83n9nk6ltlfo9.public.blob.vercel-storage.com/products/KCXYJKBT7P776.jpg
c386ad1d-9f20-4c51-a6ab-9ea4f850ce2f,RAQZ9HNPQ3YH0,Z710A Zoomed Tortoise Banquet Block,true,none,existing-image,,,skip_existing,https://fdz83n9nk6ltlfo9.public.blob.vercel-storage.com/products/RAQZ9HNPQ3YH0.jpg
28c15071-6b68-4692-bec4-8edc1bc27a54,CFJNYN9260CQJ,Z719A Zoomed Grassland Tortoise Crumbles 16 oz,true,none,existing-image,,,skip_existing,https://fdz83n9nk6ltlfo9.public.blob.vercel-storage.com/products/CFJNYN9260CQJ.jpg
0fa4b781-ccb3-4cd9-a441-07c27b0e3903,JV33ANNRX2MBY,Z721 CanO Superworm,true,none,existing-image,,,skip_existing,https://fdz83n9nk6ltlfo9.public.blob.vercel-storage.com/products/JV33ANNRX2MBY.jpg
0f2e8528-d290-4b82-b355-c7cc68acde0a,3778N3Y0G2CAM,Z722 ZooMed Can O'Grubs,true,none,existing-image,,,skip_existing,https://fdz83n9nk6ltlfo9.public.blob.vercel-storage.com/products/3778N3Y0G2CAM.jpg
2604ddaa-a3dc-4f67-aac3-7d1d2811d8d7,9NWVXK6EV7KK6,Z724,false,high,zlookup:Z724,ZM-42-Worms-GFP.jpg,Displays & Racks_POP jpg/ZM-42-Worms-GFP.jpg,uploaded,https://fdz83n9nk6ltlfo9.public.blob.vercel-storage.com/products/9NWVXK6EV7KK6.jpg
fecab601-0190-4ae5-a509-6c77ef8d75d8,B0539ZGX87W72,Z726M Mini Mealies,true,none,existing-image,,,skip_existing,https://fdz83n9nk6ltlfo9.public.blob.vercel-storage.com/products/B0539ZGX87W72.jpg
246e2b6b-ca5a-417e-8b19-aade57d84679,1AH6GAWMCXT7P,Z730 Can O Bloodworm,true,none,existing-image,,,skip_existing,https://fdz83n9nk6ltlfo9.public.blob.vercel-storage.com/products/1AH6GAWMCXT7P.jpg
775486f7-d98a-465e-ab3d-bc4c33f2eb5f,E44PPEEEFF060,Z730A Can O Cyclops,true,none,existing-image,,,skip_existing,https://fdz83n9nk6ltlfo9.public.blob.vercel-storage.com/products/E44PPEEEFF060.jpg
1f52402c-9aa2-4aa0-998b-631d9424d5a6,Q4YHS975EV2HA,Z730B,false,high,zlookup:Z730B,shrimp-tank.jpg,Cages & Cage Units jpg/shrimp-tank.jpg,uploaded,https://fdz83n9nk6ltlfo9.public.blob.vercel-storage.com/products/Q4YHS975EV2HA.jpg
8824bb36-c8fb-4b0d-93af-18895947db8e,F9FM63C65FSQC,Z731 Zoomed Red Shrimp 2.5 oz,true,none,existing-image,,,skip_existing,https://fdz83n9nk6ltlfo9.public.blob.vercel-storage.com/products/F9FM63C65FSQC.jpg
0be556fe-b150-4adb-8567-209db8276a09,2WXAFGCXGQNCR,Z731A Red Shrimp 5 oz,true,none,existing-image,,,skip_existing,https://fdz83n9nk6ltlfo9.public.blob.vercel-storage.com/products/2WXAFGCXGQNCR.jpg
d99bd7bc-be6f-4ad4-ace2-5a3915b22c43,DP993R3TQG8PC,Z731B Zoomed Red Shrimp 10oz,true,none,existing-image,,,skip_existing,https://fdz83n9nk6ltlfo9.public.blob.vercel-storage.com/products/DP993R3TQG8PC.jpg
9b94e96e-d5ee-4fd7-a554-200b1ca6f732,B2AWES7F4WFX6,Z732A Pacman Frog Food 10oz.,true,none,existing-image,,,skip_existing,https://fdz83n9nk6ltlfo9.public.blob.vercel-storage.com/products/B2AWES7F4WFX6.jpg
32afe84d-62d7-43bf-9cc1-228ecf1ed140,F45FSJRH5K6SA,Z734 Anolis Food 0.4 oz,true,none,existing-image,,,skip_existing,https://fdz83n9nk6ltlfo9.public.blob.vercel-storage.com/products/F45FSJRH5K6SA.jpg
ba0c1a05-e13a-4b2d-9c81-651fd7b8254e,QG7346KQNGPBM,Z735 ZooMed Aquatic Newt Food,true,none,existing-image,,,skip_existing,https://fdz83n9nk6ltlfo9.public.blob.vercel-storage.com/products/QG7346KQNGPBM.jpg
42087c4d-959f-4a4a-b913-6e7c1d9a4164,H20QHKS773H7G,Z738 Axolotl & Aquatic Newt Food,true,none,existing-image,,,skip_existing,https://fdz83n9nk6ltlfo9.public.blob.vercel-storage.com/products/H20QHKS773H7G.jpg
a1ee1c45-7362-43f2-b0e7-535dece986b6,F8G7Z73MN2SWW,Z741 Natural Iguana Food Juv.20 oz,true,none,existing-image,,,skip_existing,https://fdz83n9nk6ltlfo9.public.blob.vercel-storage.com/products/F8G7Z73MN2SWW.jpg
60f72dfc-5cbb-4489-bc9e-50738f629f39,CFDPWCRBPVJTE,Z751 Natural Adult Iguana Food,true,none,existing-image,,,skip_existing,https://fdz83n9nk6ltlfo9.public.blob.vercel-storage.com/products/CFDPWCRBPVJTE.jpg
c10624f2-05eb-4980-8b22-18d1445c8968,J1KT3P1H97M6A,Z761 Bearded Dragon Food  Adult wet,true,none,existing-image,,,skip_existing,https://fdz83n9nk6ltlfo9.public.blob.vercel-storage.com/products/J1KT3P1H97M6A.jpg
f40694da-e044-4541-82f3-b18bf7c4214e,XPGPEXN2GHY1M,Z763 Natural Juvenile Bearded Dragon Food,true,none,existing-image,,,skip_existing,https://fdz83n9nk6ltlfo9.public.blob.vercel-storage.com/products/XPGPEXN2GHY1M.jpg
db7e8889-9512-440c-9b3b-c27fb5fc1930,Z3F7TX9G75APT,Z768 Natural Adult Bearded Dragon Food,true,none,existing-image,,,skip_existing,https://fdz83n9nk6ltlfo9.public.blob.vercel-storage.com/products/Z3F7TX9G75APT.jpg
2aea065a-ec4f-4ba4-90ac-e325772069da,XHPG4H440QS8Y,Z769 Blue Tongue Skink Food Crumbles 8oz,true,none,existing-image,,,skip_existing,https://fdz83n9nk6ltlfo9.public.blob.vercel-storage.com/products/XHPG4H440QS8Y.jpg
3bbd693d-d0de-4571-a545-0c5bed84e218,YZNDZSTHJ9FBJ,Z773 Crested Gecko Food Variety Pack,true,none,existing-image,,,skip_existing,https://fdz83n9nk6ltlfo9.public.blob.vercel-storage.com/products/YZNDZSTHJ9FBJ.jpg
dbe7193e-d2aa-465f-919d-59fb36d8cf96,Z4PJ25ZVYX67E,Z775 Crested Gecko Food Watermelon 2oz,true,none,existing-image,,,skip_existing,https://fdz83n9nk6ltlfo9.public.blob.vercel-storage.com/products/Z4PJ25ZVYX67E.jpg
b302f764-f89d-4d20-9a3d-8f8b497de070,WSK6Y6KSKHFXE,Z775A,false,high,zlookup:Z775A,ZB-13-097612350135-Crested-Gecko-bk.jpg,Books jpg/ZB-13-097612350135-Crested-Gecko-bk.jpg,uploaded,https://fdz83n9nk6ltlfo9.public.blob.vercel-storage.com/products/WSK6Y6KSKHFXE.jpg
d5f627b5-e614-416d-9631-37866278cdc3,FC0SZKR9354BY,Z775B Crested Gecko Fodd Watermelon Flavor 8oz,true,none,existing-image,,,skip_existing,https://fdz83n9nk6ltlfo9.public.blob.vercel-storage.com/products/FC0SZKR9354BY.jpg
1657580c-e0d5-40e9-bd26-40e00fa21bb5,VN5R96EDXAECC,Z775C Crested Gecko Food Watermelon 1 LB. Bag,true,none,existing-image,,,skip_existing,https://fdz83n9nk6ltlfo9.public.blob.vercel-storage.com/products/VN5R96EDXAECC.jpg
c2b6e63c-2900-4247-8e2d-8e535b1cf695,JXN4QRDR7RK84,Z776 Crested Gecko Food 2oz,true,none,existing-image,,,skip_existing,https://fdz83n9nk6ltlfo9.public.blob.vercel-storage.com/products/JXN4QRDR7RK84.jpg
65d4ce3f-0ea0-472e-a561-2551411da8e7,M44F7FVFXKC32,Z776A,false,high,zlookup:Z776A,ZB-13-097612350135-Crested-Gecko-bk.jpg,Books jpg/ZB-13-097612350135-Crested-Gecko-bk.jpg,uploaded,https://fdz83n9nk6ltlfo9.public.blob.vercel-storage.com/products/M44F7FVFXKC32.jpg
2bd64d71-92cd-416b-b96d-f9525e2f2060,HRXGQXQ4JYNGJ,Z776B Crested Gecko Food Tropical Fruit Flavor 8oz,true,none,existing-image,,,skip_existing,https://fdz83n9nk6ltlfo9.public.blob.vercel-storage.com/products/HRXGQXQ4JYNGJ.jpg
1e0d47a1-4fc4-463f-901a-8e0f37d3553f,NXHKDAYBCZEDT,Z776C Crested Gecko Food Tropical Fruit 1 LB. Bag,true,none,existing-image,,,skip_existing,https://fdz83n9nk6ltlfo9.public.blob.vercel-storage.com/products/NXHKDAYBCZEDT.jpg
1a77a175-c52d-4a23-b33c-a8e1581dfbeb,EB6MEMEN3PTEP,Z777,false,high,zlookup:Z777,Aquatic-Turtle-Food.jpg,Foods jpg/Aquatic-Turtle-Food.jpg,uploaded,https://fdz83n9nk6ltlfo9.public.blob.vercel-storage.com/products/EB6MEMEN3PTEP.jpg
657d7bee-5a93-4f66-ade8-a971d5e8f3cf,Y92HSRKWQ5MFY,Z777C Crested Gecko Food Plum,true,none,existing-image,,,skip_existing,https://fdz83n9nk6ltlfo9.public.blob.vercel-storage.com/products/Y92HSRKWQ5MFY.jpg
38747a29-c38f-4d54-9caa-bf0927135596,4185F4QVCAPYM,Z778 Crested Gecko food BB 2oz,true,none,existing-image,,,skip_existing,https://fdz83n9nk6ltlfo9.public.blob.vercel-storage.com/products/4185F4QVCAPYM.jpg
5cca125c-7244-4c01-bf4a-925e7faa2e4e,TSD6D60BDYJ7A,Z778C Crested Gecko Food Blueberry 1lb,true,none,existing-image,,,skip_existing,https://fdz83n9nk6ltlfo9.public.blob.vercel-storage.com/products/TSD6D60BDYJ7A.jpg
6f4a3de9-786d-43b6-9bc0-5cc2add58068,MFB1NPD0Y7R1Y,Z781,false,high,zlookup:Z781,TA-20-097612622003-Feeding-Tongsbg.jpg,Terrarium Accessories jpg/TA-20-097612622003-Feeding-Tongsbg.jpg,uploaded,https://fdz83n9nk6ltlfo9.public.blob.vercel-storage.com/products/MFB1NPD0Y7R1Y.jpg
2c11dcc2-de9b-4b7d-a29c-5103e46affb2,04BCZWZTWK9PM,"Z781A Angled Stainless Steel Feeding Tongs 25cm (10"")",true,none,existing-image,,,skip_existing,https://fdz83n9nk6ltlfo9.public.blob.vercel-storage.com/products/04BCZWZTWK9PM.jpg
cd3547d0-296b-455e-a07a-b6d35235e115,QGZQS3HMCRQ4Y,Z782 Repti Sand Scooper,true,none,existing-image,,,skip_existing,https://fdz83n9nk6ltlfo9.public.blob.vercel-storage.com/products/QGZQS3HMCRQ4Y.jpg
9921c12e-db70-4406-a630-04500f158632,VB223VBB9KZT4,Z783 Deluxe Shovel Scooper,true,none,existing-image,,,skip_existing,https://fdz83n9nk6ltlfo9.public.blob.vercel-storage.com/products/VB223VBB9KZT4.jpg
471e5e74-9efa-42fd-9b0f-197eea5a0874,DKHG65983NY16,Z846 Aquarium sans monture Purevue 5.5g avec lumière,false,low,category:Habitat,CF2-MB-097612200256-Terrarium-Moss.jpg,Cage Substrates jpg/CF2-MB-097612200256-Terrarium-Moss.jpg,uploaded,https://fdz83n9nk6ltlfo9.public.blob.vercel-storage.com/products/DKHG65983NY16.jpg
1ccc1378-9ea6-42ab-a492-5a064dfe67f5,9A3ERQ2ZCBM1M,Z850 Zoomed Steampunk Copper Bear Skull,true,none,existing-image,,,skip_existing,https://fdz83n9nk6ltlfo9.public.blob.vercel-storage.com/products/9A3ERQ2ZCBM1M.jpg
ff0d6527-e14f-4eff-a787-96928dc21a1d,5GS9VTYZ24MMY,Z935 Zoomed Creatures Isopods Medley Food 1.4 oz,true,none,existing-image,,,skip_existing,https://fdz83n9nk6ltlfo9.public.blob.vercel-storage.com/products/5GS9VTYZ24MMY.jpg
7b0e9563-9abf-4fb9-a314-d74b509a0e0f,5546NRA3Z8TZY,Z936 Zoomed Creatures  Isopod Banquet Block,true,none,existing-image,,,skip_existing,https://fdz83n9nk6ltlfo9.public.blob.vercel-storage.com/products/5546NRA3Z8TZY.jpg
27f9e0f6-6d08-4de1-b6bd-5b37ca92c99c,PY9BYT5W3AZ76,Z937 Creatures Beetle Food,true,none,existing-image,,,skip_existing,https://fdz83n9nk6ltlfo9.public.blob.vercel-storage.com/products/PY9BYT5W3AZ76.jpg
de1a8631-e843-458e-8c0c-5f395e42780e,7FY1GDP8Q2TQ2,Z941 Creature Dome Lamp Fixture,true,none,existing-image,,,skip_existing,https://fdz83n9nk6ltlfo9.public.blob.vercel-storage.com/products/7FY1GDP8Q2TQ2.jpg
8ea25ad8-6dfa-4fde-a84d-59f72a42fd24,FATJPCGWEFHDP,Z942 Zoomed Creatures Led Black Light 5W,true,none,existing-image,,,skip_existing,https://fdz83n9nk6ltlfo9.public.blob.vercel-storage.com/products/FATJPCGWEFHDP.jpg
ff6c601b-cd7a-4a06-8fc1-3dc3b3cefb17,81YX2T7TW2HWR,Z943 Zoomed Creatures Led Lamp 5W,true,none,existing-image,,,skip_existing,https://fdz83n9nk6ltlfo9.public.blob.vercel-storage.com/products/81YX2T7TW2HWR.jpg
33526157-7a7d-4489-9ef7-59fb271e9f7e,W2EN2QCK75BJ6,Z949 Creatures Floor 1Qt,true,none,existing-image,,,skip_existing,https://fdz83n9nk6ltlfo9.public.blob.vercel-storage.com/products/W2EN2QCK75BJ6.jpg
93aa40fb-34dc-4d68-9131-675b41c65f38,A6ZMKRD4N98RP,Z950 Creature Soil 1 QT,true,none,existing-image,,,skip_existing,https://fdz83n9nk6ltlfo9.public.blob.vercel-storage.com/products/A6ZMKRD4N98RP.jpg
e79733cb-f453-4843-8512-fc6fb680912f,MN6N7XZDE0PH8,Z951 Zoomed Creatures Eco Soil (Puck),true,none,existing-image,,,skip_existing,https://fdz83n9nk6ltlfo9.public.blob.vercel-storage.com/products/MN6N7XZDE0PH8.jpg
f47534df-d645-482b-8856-cf56aa91c099,FHD3XDF5V2EWG,Z952 Zoomed Creatures White Sand 2lb,true,none,existing-image,,,skip_existing,https://fdz83n9nk6ltlfo9.public.blob.vercel-storage.com/products/FHD3XDF5V2EWG.jpg
4355942f-7420-44d3-8daa-8fadd819bd11,1CJQSV9KC42E2,Z953 Zoomed Creatures Climbing Branch,true,none,existing-image,,,skip_existing,https://fdz83n9nk6ltlfo9.public.blob.vercel-storage.com/products/1CJQSV9KC42E2.jpg
2e1b8ec3-838b-4c62-b4cf-c3e610cfa9d8,F5JSYRJGRK9X2,Z954 Zoomed Creature View Magnifier,true,none,existing-image,,,skip_existing,https://fdz83n9nk6ltlfo9.public.blob.vercel-storage.com/products/F5JSYRJGRK9X2.jpg
dde14e54-31dd-4ab8-91ce-cc0f2dc0f24a,53DJEHB358CFJ,Z958 Zoomed Creatures Rock Bowl,true,none,existing-image,,,skip_existing,https://fdz83n9nk6ltlfo9.public.blob.vercel-storage.com/products/53DJEHB358CFJ.jpg
98724e0c-92dd-4150-b82f-4f5a0e0c6365,B13BRABY170GG,Z959 Zoomed Creatures Feeding Tongs,true,none,existing-image,,,skip_existing,https://fdz83n9nk6ltlfo9.public.blob.vercel-storage.com/products/B13BRABY170GG.jpg
71bf8969-3f0f-4d11-88fd-6c236ff7f4e8,2B8BT4X9RW3ZJ,Z961 Reptivite Without D3 2oz,true,none,existing-image,,,skip_existing,https://fdz83n9nk6ltlfo9.public.blob.vercel-storage.com/products/2B8BT4X9RW3ZJ.jpg
f4e60645-40c8-428a-b017-5763860121a1,VRSGGY80KN914,Z963A ReptiHabitat 40G. Aquatic Turtle Kit,true,none,existing-image,,,skip_existing,https://fdz83n9nk6ltlfo9.public.blob.vercel-storage.com/products/VRSGGY80KN914.jpg
8be7d007-cd40-415d-be82-61f8825a14b1,5HPKWZC9R9QF0,Z964B Zoomed Reptihabitat 20 Gal. Juv. Aquatic Turtle Kit,true,none,existing-image,,,skip_existing,https://fdz83n9nk6ltlfo9.public.blob.vercel-storage.com/products/5HPKWZC9R9QF0.jpg
31c94368-d069-4fe6-aa99-02a97c4e254c,REXW4W3CVSN9M,Z966A Zoomed Creatures Habitat Kit 3 Gal.,true,none,existing-image,,,skip_existing,https://fdz83n9nk6ltlfo9.public.blob.vercel-storage.com/products/REXW4W3CVSN9M.jpg
ec5612a2-542e-413f-879a-8670af3248dc,82BM46GPX6J8R,Z966B Zoomed Creatures Den Low Profile 6 gal,true,none,existing-image,,,skip_existing,https://fdz83n9nk6ltlfo9.public.blob.vercel-storage.com/products/82BM46GPX6J8R.jpg
40cf747c-c0df-4419-a168-76525cd39f40,4ASGYYDX9EESA,Z967 Zoomed Frog Terrarium Kit 12x12x18,true,none,existing-image,,,skip_existing,https://fdz83n9nk6ltlfo9.public.blob.vercel-storage.com/products/4ASGYYDX9EESA.jpg
20082097-5566-4cf1-9c17-86e17cc0a9b0,WPAJ8NXDFN4K8,"Z974A Paludarium Hood 18""",true,none,existing-image,,,skip_existing,https://fdz83n9nk6ltlfo9.public.blob.vercel-storage.com/products/WPAJ8NXDFN4K8.jpg
973700fd-ef20-48db-9d02-7bbc59ee9fbc,0YM5RRW1QSK1E,Z975 Paludarium Plateform SM,true,none,existing-image,,,skip_existing,https://fdz83n9nk6ltlfo9.public.blob.vercel-storage.com/products/0YM5RRW1QSK1E.jpg
5606edd4-c48e-4534-8669-aa4444be92dd,12F3V5P6QXW06,Z975A Paludarium Platform  LG,true,none,existing-image,,,skip_existing,https://fdz83n9nk6ltlfo9.public.blob.vercel-storage.com/products/12F3V5P6QXW06.jpg
ee23a8f9-8db1-484f-9791-05c27957e827,4DPQE9TMKHS7W,Z976 Paludarium UVB & Plante Growth Lighting Kit,true,none,existing-image,,,skip_existing,https://fdz83n9nk6ltlfo9.public.blob.vercel-storage.com/products/4DPQE9TMKHS7W.jpg
5f69b852-0e26-4417-b021-3cca9c1084b0,RYBDXAAY6R4N0,Z977 Paludarium Filter 10GAL,true,none,existing-image,,,skip_existing,https://fdz83n9nk6ltlfo9.public.blob.vercel-storage.com/products/RYBDXAAY6R4N0.jpg
99857dc5-5438-4460-914e-f32200f73704,HNQ22T5DZ1HNT,Z978 Paludarium Filter 20GAL,true,none,existing-image,,,skip_existing,https://fdz83n9nk6ltlfo9.public.blob.vercel-storage.com/products/HNQ22T5DZ1HNT.jpg
a46cb559-9cd0-41b2-b18a-7389616586ec,H3N52Q1KFHJ08,Z979 Paludarium Heater 25W,true,none,existing-image,,,skip_existing,https://fdz83n9nk6ltlfo9.public.blob.vercel-storage.com/products/H3N52Q1KFHJ08.jpg
e844e5be-3028-4573-93ab-4bc868bfb907,454YP65BSG5MJ,Z979A Paludarium Heater 50W,true,none,existing-image,,,skip_existing,https://fdz83n9nk6ltlfo9.public.blob.vercel-storage.com/products/454YP65BSG5MJ.jpg
f471ffe2-33ac-4078-be67-696f032dba74,H9BJ5N3Y2FEH0,Z979B Paludarium Heater 100W,true,none,existing-image,,,skip_existing,https://fdz83n9nk6ltlfo9.public.blob.vercel-storage.com/products/H9BJ5N3Y2FEH0.jpg
e5518816-c28b-4a24-bc2b-a3210bbff62d,N9GPBXQ8WG3QG,Z980 Zoomed Terrarium Mesh Small 12x12,true,none,existing-image,,,skip_existing,https://fdz83n9nk6ltlfo9.public.blob.vercel-storage.com/products/N9GPBXQ8WG3QG.jpg
b387ff30-06d7-43db-9327-cb51b9915db4,XFPYHYRXJAMNP,Z981 ZooMed Terrarium Mesh,true,none,existing-image,,,skip_existing,https://fdz83n9nk6ltlfo9.public.blob.vercel-storage.com/products/XFPYHYRXJAMNP.jpg
2bbae63e-4781-4065-bbe7-2f2cb5dd9f91,VGN9CJDPVV85Y,Z982 Zoomed Humidity Plus Silicone Terrarium Cover,true,none,existing-image,,,skip_existing,https://fdz83n9nk6ltlfo9.public.blob.vercel-storage.com/products/VGN9CJDPVV85Y.jpg
ca34ecc8-9421-4f2a-8004-5476d9dd22a2,K7DXC8XQQ8ZHT,Z990 ZooMed Naturalistic Terrarium Repti Lock,true,none,existing-image,,,skip_existing,https://fdz83n9nk6ltlfo9.public.blob.vercel-storage.com/products/K7DXC8XQQ8ZHT.jpg
034aaefd-1e60-4325-a333-00f87a703337,JDSH884ADA5AJ,"Z994 PVC Terrarium 24x24x48"" (120gallon) With Glass Door",false,low,category:Habitat,CF2-MB-097612200256-Terrarium-Moss.jpg,Cage Substrates jpg/CF2-MB-097612200256-Terrarium-Moss.jpg,uploaded,https://fdz83n9nk6ltlfo9.public.blob.vercel-storage.com/products/JDSH884ADA5AJ.jpg
a4ef170d-6135-42f5-9d52-ea35a91b4ae1,66RTJ80YVQKVY,Z995 (NT-1),true,none,existing-image,,,skip_existing,https://fdz83n9nk6ltlfo9.public.blob.vercel-storage.com/products/66RTJ80YVQKVY.jpg
265e2b21-1e55-4020-8702-cb8a4bab6ab3,KHTJE34VFS61J,Z995A Nat. Terrarium 12''x 12''x 18'' (NT-2),true,none,existing-image,,,skip_existing,https://fdz83n9nk6ltlfo9.public.blob.vercel-storage.com/products/KHTJE34VFS61J.jpg
a86e8e2f-c829-4311-9af8-0dfeed520682,N868PYX6YYRV8,Z995B Large Terrarium 18x18x18'' (NT-3),true,none,existing-image,,,skip_existing,https://fdz83n9nk6ltlfo9.public.blob.vercel-storage.com/products/N868PYX6YYRV8.jpg
bbccc467-5e91-45a1-8808-4857e1d58835,MDMWCDF1FSFC8,Z995C (NT-4) Zoomed Naturalistic Terrarium (18x18x24),true,none,existing-image,,,skip_existing,https://fdz83n9nk6ltlfo9.public.blob.vercel-storage.com/products/MDMWCDF1FSFC8.jpg
1185993a-76f8-43d9-ac1c-3c7301148321,MV77HJFS1WMG2,Z995D Skyscraper Terrarium 18x18x36 (NT-5),true,none,existing-image,,,skip_existing,https://fdz83n9nk6ltlfo9.public.blob.vercel-storage.com/products/MV77HJFS1WMG2.jpg
14ba3bf4-84eb-4481-ac43-c9f694d4eb5f,YN011F0MMTFZ8,"Z995E Double Door Terrarium 36""x18""x18"" (NT-40DW)",true,none,existing-image,,,skip_existing,https://fdz83n9nk6ltlfo9.public.blob.vercel-storage.com/products/YN011F0MMTFZ8.jpg
1be0d801-cd17-4896-b87a-61e90c639775,4PJQ1NS8654KM,Z995F ZooMed Double Door Terrarium 25 Gal. 30x12x16'' (NT-25DW),true,none,existing-image,,,skip_existing,https://fdz83n9nk6ltlfo9.public.blob.vercel-storage.com/products/4PJQ1NS8654KM.jpg
2f88a08a-0c54-4b2c-b9af-47e98e8a5885,0JVF6EZ73DBM8,Z995G Zoomed Double Door Terrarium 10 galons 20x12x12,true,none,existing-image,,,skip_existing,https://fdz83n9nk6ltlfo9.public.blob.vercel-storage.com/products/0JVF6EZ73DBM8.jpg
a4d9d20a-c069-4810-a98e-2ff38df27324,291975A5WT5FM,Z995H Zoomed Double Door Terrarium (32g) 36*18*12,true,none,existing-image,,,skip_existing,https://fdz83n9nk6ltlfo9.public.blob.vercel-storage.com/products/291975A5WT5FM.jpg
b4629c86-f801-43d1-bc50-2859e108a267,89X0WVN1BE9CA,Z996 ZooMed Low Boy Terrarium with Top 48x24x10,true,none,existing-image,,,skip_existing,https://fdz83n9nk6ltlfo9.public.blob.vercel-storage.com/products/89X0WVN1BE9CA.jpg
53469a42-0334-4607-a00a-e6e77f639a5a,GSS57QW0BZBA8,Z997 Paludarium 12x12x24 (NT-2P),true,none,existing-image,,,skip_existing,https://fdz83n9nk6ltlfo9.public.blob.vercel-storage.com/products/GSS57QW0BZBA8.jpg
7311ea37-11e5-41c8-8433-8819ddceb2b5,D1C00ADHVYAR0,Z997A ZooMed Large Paludarium 18x18x36 10 Gal,true,none,existing-image,,,skip_existing,https://fdz83n9nk6ltlfo9.public.blob.vercel-storage.com/products/D1C00ADHVYAR0.jpg
ba1dee4e-c55f-414c-ba3d-337c47bf19af,BJG97MP1THPDA,Z997B ZooMed Double Door Paludarium 36x18x36 (20 Gallons),true,none,existing-image,,,skip_existing,https://fdz83n9nk6ltlfo9.public.blob.vercel-storage.com/products/BJG97MP1THPDA.jpg
2827ee90-6f11-4824-a24e-7f04a2c18750,W26PEK7B5CH3G,Z9982 Zoomed Reptibreeze 18x18x36,true,none,existing-image,,,skip_existing,https://fdz83n9nk6ltlfo9.public.blob.vercel-storage.com/products/W26PEK7B5CH3G.jpg
fed137cf-dad4-439d-b310-fff4d8d9ee0e,5C52K8NVSYBWP,Zoomed Eco Earth Coconut Chips 1lb,true,none,existing-image,,,skip_existing,https://fdz83n9nk6ltlfo9.public.blob.vercel-storage.com/products/5C52K8NVSYBWP.jpg
7ab593a5-800c-4d28-bd8f-de0e13d75ffb,2D07Y2XA142D0,Zoomed Madagascar Bamboo Large,true,none,existing-image,,,skip_existing,https://fdz83n9nk6ltlfo9.public.blob.vercel-storage.com/products/2D07Y2XA142D0.jpg
0ee4547b-7430-403f-942c-aaaacd1a8783,R56JNPC15NMT2,Zoomed Malaysian Fern Large,true,none,existing-image,,,skip_existing,https://fdz83n9nk6ltlfo9.public.blob.vercel-storage.com/products/R56JNPC15NMT2.jpg
147544d7-30c3-4bd8-92f4-b86a9f4186e3,F269GY35ZS6R0,Zoomed Multiport Fogger Attachment,true,none,existing-image,,,skip_existing,https://fdz83n9nk6ltlfo9.public.blob.vercel-storage.com/products/F269GY35ZS6R0.jpg
acf20b50-d3cb-4480-8b60-3aad2e673695,XXJY3ZSEEX4J6,Zoomed Repti Fogger,true,none,existing-image,,,skip_existing,https://fdz83n9nk6ltlfo9.public.blob.vercel-storage.com/products/XXJY3ZSEEX4J6.jpg
ec168a21-7938-4c67-9bf3-5d422b23c2e6,76NSWYAGN5GFP,Zoomed Repti Rock Water Dish L,true,none,existing-image,,,skip_existing,https://fdz83n9nk6ltlfo9.public.blob.vercel-storage.com/products/76NSWYAGN5GFP.jpg
104c34e6-f953-40a3-b790-fbcdca5661f6,2H0J3A4HSJZBC,Zoomed Repti Rock Water Dish XS,true,none,existing-image,,,skip_existing,https://fdz83n9nk6ltlfo9.public.blob.vercel-storage.com/products/2H0J3A4HSJZBC.jpg
a0260dba-0837-4d5d-9b26-a360c98628e0,TNTDDT30158YY,z242 Daylight Blue Reptile Bulb 100W,true,none,existing-image,,,skip_existing,https://fdz83n9nk6ltlfo9.public.blob.vercel-storage.com/products/TNTDDT30158YY.jpg
a8ef8f8b-ea3b-4667-a360-0dc8027938cc,MDN1RR6RJG8WJ,z244B ZooMed Repticare Heat Projector 150W,true,none,existing-image,,,skip_existing,https://fdz83n9nk6ltlfo9.public.blob.vercel-storage.com/products/MDN1RR6RJG8WJ.jpg
4b70e25e-a730-4861-8a7c-95bca851894b,4PE9SDE0K9FR0,z244C ZooMed Infrared Heat Projector 35w,true,none,existing-image,,,skip_existing,https://fdz83n9nk6ltlfo9.public.blob.vercel-storage.com/products/4PE9SDE0K9FR0.jpg
1d9e4cee-41c3-4267-8c29-7a4aff2f0d33,3AJ87SACG2GYP,z253H T8 36'' 10.0 25w,true,none,existing-image,,,skip_existing,https://fdz83n9nk6ltlfo9.public.blob.vercel-storage.com/products/3AJ87SACG2GYP.jpg
7ef25f94-a764-4191-986f-dbf5fa1695e2,QPW12QWHPT6DA,z681 Tortoise Flower Topper 0.21,true,none,existing-image,,,skip_existing,https://fdz83n9nk6ltlfo9.public.blob.vercel-storage.com/products/QPW12QWHPT6DA.jpg
e621733a-6504-430b-90e8-102950556455,9NJPCD1R81S90,z785 Collapsible Hook/ Gator,true,none,existing-image,,,skip_existing,https://fdz83n9nk6ltlfo9.public.blob.vercel-storage.com/products/9NJPCD1R81S90.jpg